target,kind,line,context_truncated,all_three,maximally_big_brain_rank,maximally_big_brain_score,maximally_big_brain_p_at_target,maximally_big_brain_status,delightful_to_read_rank,delightful_to_read_score,delightful_to_read_p_at_target,delightful_to_read_status,highly_memetic_rank,highly_memetic_score,highly_memetic_p_at_target,highly_memetic_status
docs/perch-experiments/2026-09-26-astra-repair/indexed-linked-list.retry.bend::walk,bend_definition,3,False,False,111,3,0.94,meets_target,493,2.63,0.66,meets_target,682,1.7,0.07,below_target
docs/perch-experiments/2026-09-26-astra-repair/indexed-linked-list.retry.bend::solve,bend_definition,9,False,False,354,2.92,0.9,meets_target,891,2.41,0.51,uncertain,791,1.6,0.07,below_target
docs/perch-experiments/2026-09-26-fast-repair/gpt-6-luna/growing-prefix-copy.bend::map_values,bend_definition,3,False,False,425,2.9,0.9,meets_target,493,2.63,0.65,meets_target,1219,1.34,0.01,below_target
docs/perch-experiments/2026-09-26-fast-repair/gpt-6-luna/growing-prefix-copy.bend::solve,bend_definition,9,False,False,790,2.78,0.8200000000000001,meets_target,927,2.39,0.48,uncertain,1286,1.27,0.01,below_target
docs/perch-experiments/2026-09-26-fast-repair/gpt-6-luna/invariant-summary.bend::total,bend_definition,3,False,False,69,3.03,0.98,meets_target,493,2.63,0.66,meets_target,1359,1.2,0,below_target
docs/perch-experiments/2026-09-26-fast-repair/gpt-6-luna/invariant-summary.bend::add_total,bend_definition,8,False,False,126,2.99,0.9600000000000001,meets_target,475,2.64,0.6767676767676768,meets_target,1140,1.39,0.02,below_target
docs/perch-experiments/2026-09-26-fast-repair/gpt-6-luna/invariant-summary.bend::solve,bend_definition,13,False,False,42,3.06,0.96,meets_target,151,2.81,0.79,meets_target,1191,1.36,0.02,below_target
docs/perch-experiments/2026-09-26-fast-repair/gpt-6-luna/invariant-summary.retry.bend::total,bend_definition,3,False,False,80,3.02,0.96,meets_target,493,2.63,0.66,meets_target,1340,1.22,0.01,below_target
docs/perch-experiments/2026-09-26-fast-repair/gpt-6-luna/invariant-summary.retry.bend::add_total,bend_definition,8,False,False,190,2.97,0.9500000000000001,meets_target,515,2.62,0.68,meets_target,1082,1.43,0.03,below_target
docs/perch-experiments/2026-09-26-fast-repair/gpt-6-luna/invariant-summary.retry.bend::solve,bend_definition,13,False,False,80,3.02,0.95,meets_target,309,2.72,0.7200000000000001,meets_target,1043,1.45,0.03,below_target
packages/int_map/LAWS.bend::path_empty,bend_law,7,False,False,393,2.91,0.79,meets_target,455,2.65,0.7000000000000001,meets_target,499,1.84,0.17,below_target
packages/int_map/LAWS.bend::path_set,bend_law,12,False,False,126,2.99,0.8300000000000001,meets_target,25,2.93,0.88,meets_target,211,2.06,0.26,below_target
packages/int_map/LAWS.bend::branch_low,bend_law,21,False,False,3,3.19,0.97,meets_target,6,2.99,0.92,meets_target,576,1.78,0.10000000000000002,below_target
packages/int_map/LAWS.bend::branch_high,bend_law,27,False,False,19,3.11,0.91,meets_target,15,2.96,0.89,meets_target,338,1.95,0.19,below_target
packages/int_map/LAWS.bend::path_remove,bend_law,33,False,False,315,2.93,0.82,meets_target,97,2.85,0.8400000000000001,meets_target,153,2.12,0.3,below_target
packages/int_map/LAWS.bend::empty_get,bend_law,40,False,False,19,3.11,0.89,meets_target,59,2.88,0.8300000000000001,meets_target,499,1.84,0.16,below_target
packages/int_map/LAWS.bend::set_get,bend_law,45,False,False,28,3.09,0.89,meets_target,37,2.91,0.86,meets_target,384,1.91,0.21000000000000002,below_target
packages/int_map/LAWS.bend::remove_get,bend_law,52,False,False,190,2.97,0.85,meets_target,124,2.83,0.8200000000000001,meets_target,418,1.89,0.2,below_target
packages/int_map/LAWS.bend::set_contains,bend_law,58,False,False,62,3.04,0.8899999999999999,meets_target,263,2.74,0.76,meets_target,682,1.7,0.12,below_target
packages/int_map/LAWS.bend::overwrite,bend_law,65,False,False,622,2.84,0.76,meets_target,1095,2.29,0.55,uncertain,418,1.89,0.25,below_target
packages/int_map/LAWS.bend::separated,bend_definition,74,True,False,245,2.95,0.85,meets_target,2,3.05,0.95,meets_target,27,2.37,0.44,uncertain
packages/int_map/LAWS.bend::path_preserve,bend_law,88,False,False,42,3.06,0.8800000000000001,meets_target,76,2.87,0.8400000000000001,meets_target,161,2.11,0.3,below_target
packages/int_map/LAWS.bend::set_preserves,bend_law,98,False,False,5,3.17,0.93,meets_target,33,2.92,0.8787878787878789,meets_target,122,2.17,0.33,below_target
packages/int_map/LAWS.bend::distinct_witness,bend_law,107,False,False,9,3.15,0.93,meets_target,281,2.73,0.76,meets_target,183,2.09,0.3,below_target
packages/int_map/LAWS.bend::boundary_fixture,bend_law,111,True,False,1643,1.92,0.25,below_target,1148,2.24,0.53,uncertain,266,2.01,0.29000000000000004,below_target
packages/int_map/LAWS.bend::fold_fixture,bend_law,115,False,False,1295,2.46,0.5900000000000001,uncertain,1261,2.19,0.49,uncertain,1140,1.39,0.06999999999999999,below_target
packages/int_map/LAWS.bend::union_fixture,bend_law,119,True,False,1558,2.18,0.33,below_target,1121,2.26,0.54,uncertain,372,1.92,0.22,below_target
packages/int_map/LAWS.bend::invocation_fixture,bend_law,123,False,False,1482,2.29,0.43,uncertain,1113,2.27,0.54,uncertain,514,1.83,0.23,below_target
packages/int_map/LAWS.bend::model_union_fixture,bend_law,127,True,False,1305,2.45,0.49999999999999994,uncertain,1261,2.19,0.48000000000000004,uncertain,747,1.65,0.13000000000000003,below_target
packages/int_map/LAWS.bend::observe_low,bend_law,131,False,False,17,3.12,0.93,meets_target,19,2.95,0.8999999999999999,meets_target,538,1.81,0.11000000000000001,below_target
packages/int_map/LAWS.bend::observe_high,bend_law,138,False,False,42,3.06,0.8999999999999999,meets_target,124,2.83,0.8200000000000001,meets_target,400,1.9,0.19,below_target
packages/int_map/LAWS.bend::path_remove_preserve,bend_law,145,False,False,62,3.04,0.88,meets_target,15,2.96,0.9,meets_target,84,2.22,0.34,below_target
packages/int_map/LAWS.bend::remove_preserves,bend_law,153,False,False,23,3.1,0.88,meets_target,25,2.93,0.88,meets_target,84,2.22,0.37,below_target
packages/int_map/LAWS.bend::fold_seed_fixture,bend_law,162,False,False,1111,2.59,0.65,meets_target,334,2.71,0.77,meets_target,682,1.7,0.1,below_target
packages/int_map/PROOF.bend::L.path_empty,bend_law_fill,6,False,False,1738,1.42,0.2,below_target,1764,1.29,0.16,below_target,1457,1.1,0.02,below_target
packages/int_map/PROOF.bend::L.path_set,bend_law_fill,12,False,False,1531,2.23,0.48,uncertain,1121,2.26,0.55,uncertain,704,1.69,0.1,below_target
packages/int_map/PROOF.bend::L.branch_low,bend_law_fill,18,False,False,1782,0.83,0.11,below_target,1635,1.76,0.26,below_target,1469,1.09,0.01,below_target
packages/int_map/PROOF.bend::L.branch_high,bend_law_fill,28,False,False,1786,0.78,0.09999999999999999,below_target,1646,1.74,0.26,below_target,1429,1.13,0.01,below_target
packages/int_map/PROOF.bend::L.path_remove,bend_law_fill,38,False,False,1430,2.35,0.46,uncertain,633,2.56,0.7100000000000001,meets_target,202,2.07,0.3,below_target
packages/int_map/PROOF.bend::L.empty_get,bend_law_fill,48,False,False,425,2.9,0.89,meets_target,1032,2.33,0.51,uncertain,966,1.5,0.06,below_target
packages/int_map/PROOF.bend::L.set_get,bend_law_fill,49,False,False,126,2.99,0.95,meets_target,493,2.63,0.6900000000000001,meets_target,809,1.59,0.09000000000000001,below_target
packages/int_map/PROOF.bend::L.remove_get,bend_law_fill,50,False,False,62,3.04,0.95,meets_target,723,2.51,0.63,meets_target,982,1.49,0.09000000000000001,below_target
packages/int_map/PROOF.bend::L.set_contains,bend_law_fill,52,False,False,842,2.75,0.73,meets_target,1394,2.12,0.47,uncertain,551,1.8,0.24000000000000002,below_target
packages/int_map/PROOF.bend::L.overwrite,bend_law_fill,56,False,False,587,2.85,0.8400000000000001,meets_target,831,2.44,0.61,meets_target,717,1.68,0.15000000000000002,below_target
packages/int_map/PROOF.bend::L.path_preserve,bend_law_fill,59,False,False,1724,1.5,0.17,below_target,1703,1.55,0.24000000000000002,below_target,1033,1.46,0.07,below_target
packages/int_map/PROOF.bend::L.set_preserves,bend_law_fill,76,False,False,111,3,0.95,meets_target,515,2.62,0.67,meets_target,871,1.55,0.09,below_target
packages/int_map/PROOF.bend::L.distinct_witness,bend_law_fill,79,False,False,1781,0.86,0.21,below_target,1784,1.11,0.13000000000000003,below_target,1785,0.68,0.01,below_target
packages/int_map/PROOF.bend::L.boundary_fixture,bend_law_fill,81,False,False,1834,0.38,0.06,below_target,1858,0.43,0.02,below_target,1855,0.2,0,below_target
packages/int_map/PROOF.bend::L.fold_fixture,bend_law_fill,83,False,False,1848,0.28,0.05,below_target,1875,0.33,0.02,below_target,1884,0.08,0,below_target
packages/int_map/PROOF.bend::L.union_fixture,bend_law_fill,85,False,False,1845,0.29,0.05,below_target,1863,0.4,0.02,below_target,1860,0.16,0,below_target
packages/int_map/PROOF.bend::L.invocation_fixture,bend_law_fill,87,False,False,1848,0.28,0.05,below_target,1850,0.47,0.04,below_target,1867,0.13,0,below_target
packages/int_map/PROOF.bend::L.model_union_fixture,bend_law_fill,89,False,False,1838,0.32,0.06,below_target,1864,0.39,0.02,below_target,1862,0.15,0,below_target
packages/int_map/PROOF.bend::L.observe_low,bend_law_fill,91,False,False,126,2.99,0.89,meets_target,374,2.69,0.76,meets_target,223,2.05,0.29000000000000004,below_target
packages/int_map/PROOF.bend::L.observe_high,bend_law_fill,94,False,False,111,3,0.9,meets_target,281,2.73,0.78,meets_target,233,2.04,0.29000000000000004,below_target
packages/int_map/PROOF.bend::L.path_remove_preserve,bend_law_fill,97,False,False,1586,2.1,0.28,below_target,571,2.59,0.72,meets_target,211,2.06,0.29000000000000004,below_target
packages/int_map/PROOF.bend::L.remove_preserves,bend_law_fill,126,False,False,126,2.99,0.9090909090909092,meets_target,455,2.65,0.72,meets_target,528,1.82,0.21000000000000002,below_target
packages/int_map/PROOF.bend::L.fold_seed_fixture,bend_law_fill,129,False,False,1860,0.25,0.03,below_target,1879,0.3,0.02,below_target,1878,0.1,0,below_target
packages/int_map/benchmark.bend::main,bend_definition,5,True,False,930,2.7,0.62,meets_target,801,2.46,0.6000000000000001,meets_target,57,2.29,0.45,uncertain
packages/int_map/conformance.bend::check,bend_definition,6,False,False,454,2.89,0.93,meets_target,706,2.52,0.55,uncertain,1378,1.18,0,below_target
packages/int_map/conformance.bend::main,bend_definition,11,True,False,1513,2.25,0.4,below_target,374,2.69,0.75,meets_target,243,2.03,0.28,below_target
packages/int_map/example.bend::total,bend_definition,5,False,False,126,2.99,0.9600000000000001,meets_target,870,2.42,0.56,uncertain,1043,1.45,0.05,below_target
packages/int_map/example.bend::main,bend_definition,8,False,False,790,2.78,0.76,meets_target,608,2.57,0.68,meets_target,466,1.86,0.21000000000000002,below_target
packages/int_map/fixtures.bend::maybe_eq,bend_definition,6,False,False,1615,2.04,0.32,below_target,742,2.5,0.59,uncertain,1262,1.29,0.01,below_target
packages/int_map/fixtures.bend::items_eq,bend_definition,17,False,False,1318,2.44,0.5,uncertain,246,2.75,0.77,meets_target,1121,1.4,0.01,below_target
packages/int_map/fixtures.bend::entries,bend_definition,28,False,False,162,2.98,0.94,meets_target,979,2.36,0.56,uncertain,791,1.6,0.10000000000000002,below_target
packages/int_map/fixtures.bend::probes,bend_definition,31,False,False,550,2.86,0.8400000000000001,meets_target,246,2.75,0.77,meets_target,610,1.76,0.09000000000000001,below_target
packages/int_map/fixtures.bend::agree,bend_definition,37,True,False,1430,2.35,0.43,uncertain,1095,2.29,0.52,uncertain,551,1.8,0.14,below_target
packages/int_map/fixtures.bend::boundary,bend_definition,42,True,False,1660,1.8,0.24000000000000002,below_target,1445,2.06,0.45,uncertain,318,1.96,0.27,below_target
packages/int_map/fixtures.bend::bit_cases,bend_definition,56,True,False,1697,1.62,0.21212121212121213,below_target,1674,1.66,0.3,below_target,418,1.89,0.292929292929293,below_target
packages/int_map/fixtures.bend::order_case,bend_definition,65,False,False,1495,2.27,0.52,uncertain,1482,2.02,0.38,below_target,1043,1.45,0.07999999999999999,below_target
packages/int_map/fixtures.bend::noncomm,bend_definition,69,False,False,657,2.83,0.88,meets_target,1289,2.18,0.29000000000000004,below_target,1310,1.25,0.04,below_target
packages/int_map/fixtures.bend::left,bend_definition,71,False,False,1111,2.59,0.74,meets_target,1261,2.19,0.4,below_target,1140,1.39,0.06,below_target
packages/int_map/fixtures.bend::right,bend_definition,74,False,False,1234,2.5,0.7000000000000001,meets_target,1261,2.19,0.37,below_target,1191,1.36,0.05,below_target
packages/int_map/fixtures.bend::unions,bend_definition,77,True,False,1638,1.96,0.30000000000000004,below_target,891,2.41,0.62,meets_target,299,1.98,0.25,below_target
packages/int_map/fixtures.bend::Trace,bend_datatype,88,False,False,1345,2.42,0.5700000000000001,uncertain,1304,2.17,0.45,uncertain,982,1.49,0.07,below_target
packages/int_map/fixtures.bend::join,bend_definition,92,False,False,32,3.08,0.9600000000000001,meets_target,229,2.76,0.73,meets_target,1242,1.31,0.04,below_target
packages/int_map/fixtures.bend::trace_result,bend_definition,94,False,False,1759,1.06,0.05,below_target,1574,1.88,0.31,below_target,1121,1.4,0.05,below_target
packages/int_map/fixtures.bend::trace_case,bend_definition,112,False,False,1016,2.64,0.65,meets_target,850,2.43,0.62,meets_target,418,1.89,0.26,below_target
packages/int_map/fixtures.bend::query_domain,bend_definition,118,False,False,1454,2.32,0.43999999999999995,uncertain,1049,2.32,0.55,uncertain,299,1.98,0.23,below_target
packages/int_map/fixtures.bend::sequence,bend_definition,126,True,False,1671,1.74,0.19,below_target,1319,2.16,0.49,uncertain,243,2.03,0.29000000000000004,below_target
packages/int_map/fixtures.bend::union_model,bend_definition,138,True,False,943,2.69,0.6699999999999999,meets_target,755,2.49,0.65,meets_target,348,1.94,0.23,below_target
packages/int_map/fixtures.bend::fill,bend_definition,143,False,False,454,2.89,0.84,meets_target,97,2.85,0.8300000000000001,meets_target,310,1.97,0.19,below_target
packages/int_map/fixtures.bend::union_stress_check,bend_definition,150,True,False,975,2.67,0.7000000000000001,meets_target,59,2.88,0.86,meets_target,31,2.35,0.44,uncertain
packages/int_map/fixtures.bend::union_stress_pairs,bend_definition,156,True,False,877,2.73,0.7200000000000001,meets_target,433,2.66,0.72,meets_target,70,2.25,0.39,below_target
packages/int_map/fixtures.bend::union_stress,bend_definition,162,True,False,550,2.86,0.75,meets_target,187,2.78,0.81,meets_target,17,2.42,0.51,uncertain
packages/int_map/fixtures.bend::fold_seed_case,bend_definition,165,False,False,1195,2.53,0.63,meets_target,1202,2.21,0.5,uncertain,1043,1.45,0.07,below_target
packages/int_map/main.bend::IntMap,bend_datatype,5,True,False,212,2.96,0.87,meets_target,174,2.79,0.78,meets_target,610,1.76,0.08000000000000002,below_target
packages/int_map/main.bend::bits,bend_definition,10,False,False,11,3.14,0.98,meets_target,33,2.92,0.8799999999999999,meets_target,359,1.93,0.14,below_target
packages/int_map/main.bend::low,bend_definition,17,False,False,1558,2.18,0.52,uncertain,1016,2.34,0.54,uncertain,1110,1.41,0.05,below_target
packages/int_map/main.bend::high,bend_definition,23,False,False,1489,2.28,0.5700000000000001,uncertain,1069,2.31,0.55,uncertain,966,1.5,0.07,below_target
packages/int_map/main.bend::value,bend_definition,29,False,False,1184,2.54,0.68,meets_target,1289,2.18,0.45,uncertain,1043,1.45,0.04,below_target
packages/int_map/main.bend::get_path,bend_definition,35,False,False,354,2.92,0.85,meets_target,4,3,0.94,meets_target,233,2.04,0.18,below_target
packages/int_map/main.bend::set_path,bend_definition,44,False,False,62,3.04,0.93,meets_target,3,3.03,0.95,meets_target,75,2.24,0.32,below_target
packages/int_map/main.bend::branch,bend_definition,53,False,False,1295,2.46,0.61,meets_target,169,2.8,0.81,meets_target,704,1.69,0.07,below_target
packages/int_map/main.bend::remove_path,bend_definition,63,False,False,34,3.07,0.93,meets_target,13,2.97,0.9199999999999999,meets_target,139,2.14,0.26,below_target
packages/int_map/main.bend::IntMap.empty,bend_definition,72,False,False,6,3.16,0.99,meets_target,608,2.57,0.5900000000000001,uncertain,1384,1.17,0.0101010101010101,below_target
packages/int_map/main.bend::IntMap.get,bend_definition,75,False,False,19,3.11,0.9400000000000001,meets_target,85,2.86,0.8400000000000001,meets_target,193,2.08,0.26,below_target
packages/int_map/main.bend::IntMap.set,bend_definition,78,False,False,34,3.07,0.93,meets_target,209,2.77,0.79,meets_target,112,2.18,0.32,below_target
packages/int_map/main.bend::IntMap.remove,bend_definition,81,False,False,69,3.03,0.88,meets_target,76,2.87,0.8600000000000001,meets_target,61,2.28,0.38,below_target
packages/int_map/main.bend::present,bend_definition,84,False,False,454,2.89,0.92,meets_target,654,2.55,0.63,meets_target,1237,1.32,0.02,below_target
packages/int_map/main.bend::IntMap.contains,bend_definition,89,False,False,80,3.02,0.95,meets_target,209,2.77,0.78,meets_target,747,1.65,0.12,below_target
packages/int_map/main.bend::IntMap.size,bend_definition,92,False,False,212,2.96,0.8899999999999999,meets_target,151,2.81,0.8200000000000001,meets_target,1121,1.4,0.01,below_target
packages/int_map/main.bend::IntMap.fold,bend_definition,98,False,False,96,3.01,0.95,meets_target,169,2.8,0.81,meets_target,656,1.72,0.06,below_target
packages/int_map/main.bend::combine_value,bend_definition,105,False,False,162,2.98,0.97,meets_target,281,2.73,0.76,meets_target,1063,1.44,0.02,below_target
packages/int_map/main.bend::union_step,bend_definition,110,False,False,126,2.99,0.9600000000000001,meets_target,174,2.79,0.79,meets_target,597,1.77,0.15000000000000002,below_target
packages/int_map/main.bend::IntMap.union_with,bend_definition,113,False,False,245,2.95,0.8999999999999999,meets_target,433,2.66,0.72,meets_target,338,1.95,0.21000000000000002,below_target
packages/int_map/model.bend::Item,bend_datatype,5,False,False,1016,2.64,0.77,meets_target,1518,1.98,0.21,below_target,1359,1.2,0.02,below_target
packages/int_map/model.bend::choose,bend_definition,8,False,False,454,2.89,0.91,meets_target,433,2.66,0.72,meets_target,1000,1.48,0.04,below_target
packages/int_map/model.bend::get,bend_definition,13,False,False,96,3.01,0.96,meets_target,110,2.84,0.8383838383838383,meets_target,372,1.92,0.16,below_target
packages/int_map/model.bend::keep,bend_definition,18,False,False,587,2.85,0.89,meets_target,633,2.56,0.65,meets_target,1063,1.44,0.04,below_target
packages/int_map/model.bend::remove,bend_definition,23,False,False,69,3.03,0.97,meets_target,174,2.79,0.8,meets_target,418,1.89,0.14,below_target
packages/int_map/model.bend::set,bend_definition,28,False,False,96,3.01,0.9600000000000001,meets_target,59,2.88,0.85,meets_target,384,1.91,0.16,below_target
packages/int_map/model.bend::size,bend_definition,31,False,False,162,2.98,0.94,meets_target,475,2.64,0.686868686868687,meets_target,1242,1.31,0.01,below_target
packages/int_map/model.bend::merged,bend_definition,36,False,False,69,3.03,0.99,meets_target,110,2.84,0.8300000000000001,meets_target,966,1.5,0.04,below_target
packages/int_map/model.bend::union_with,bend_definition,41,False,False,212,2.96,0.87,meets_target,209,2.77,0.79,meets_target,310,1.97,0.19,below_target
packages/int_map/receipts/remote-consumer.bend::matches,bend_definition,5,False,False,354,2.92,0.93,meets_target,433,2.66,0.68,meets_target,1340,1.22,0.01,below_target
packages/int_map/receipts/remote-consumer.bend::checked,bend_definition,10,False,False,953,2.68,0.81,meets_target,1289,2.18,0.32,below_target,1366,1.19,0.01,below_target
packages/int_map/receipts/remote-consumer.bend::consumer,bend_definition,15,False,False,1454,2.32,0.53,uncertain,1445,2.06,0.4,below_target,871,1.55,0.11,below_target
packages/int_map/receipts/remote-consumer.bend::main,bend_definition,23,False,False,1372,2.4,0.52,uncertain,1121,2.26,0.49,uncertain,682,1.7,0.12,below_target
packages/int_map/release.bend::main,bend_definition,9,True,False,1531,2.23,0.44999999999999996,uncertain,1032,2.33,0.51,uncertain,451,1.87,0.29000000000000004,below_target
packages/int_map/scaling.bend::build,bend_definition,7,False,False,1547,2.19,0.47,uncertain,1608,1.82,0.32,below_target,338,1.95,0.23,below_target
packages/int_map/scaling.bend::model,bend_definition,14,False,False,520,2.87,0.8300000000000001,meets_target,1032,2.33,0.53,uncertain,202,2.07,0.27,below_target
packages/int_map/scaling.bend::verify,bend_definition,21,False,False,622,2.84,0.8,meets_target,415,2.67,0.73,meets_target,153,2.12,0.3,below_target
packages/int_map/scaling.bend::erase,bend_definition,28,False,False,279,2.94,0.88,meets_target,586,2.58,0.66,meets_target,384,1.91,0.19,below_target
packages/int_map/scaling.bend::nodes,bend_definition,33,False,False,162,2.98,0.9199999999999999,meets_target,110,2.84,0.8200000000000001,meets_target,1043,1.45,0.02,below_target
packages/int_map/scaling.bend::depth,bend_definition,39,False,False,696,2.82,0.8500000000000001,meets_target,675,2.54,0.64,meets_target,1225,1.33,0.01,below_target
packages/int_map/scaling.bend::report,bend_definition,45,False,False,1627,2,0.37,below_target,1167,2.23,0.4,below_target,871,1.55,0.04,below_target
packages/int_map/scaling.bend::run,bend_definition,57,True,False,1204,2.52,0.53,uncertain,1445,2.06,0.44,uncertain,161,2.11,0.34,below_target
packages/int_map/scaling.bend::run_core,bend_definition,66,True,False,1254,2.49,0.5,uncertain,1415,2.1,0.46,uncertain,233,2.04,0.3,below_target
packages/int_map/scaling.bend::run_checked,bend_definition,77,True,False,1254,2.49,0.55,uncertain,1069,2.31,0.5,uncertain,243,2.03,0.31,below_target
packages/int_map/scaling.bend::parsed,bend_definition,85,True,False,1053,2.62,0.6000000000000001,meets_target,415,2.67,0.7100000000000001,meets_target,130,2.15,0.35000000000000003,below_target
packages/int_map/scaling.bend::args,bend_definition,90,True,False,930,2.7,0.79,meets_target,1289,2.18,0.39,below_target,823,1.58,0.16,below_target
packages/int_map/scaling.bend::main,bend_definition,95,True,False,1124,2.58,0.5300000000000001,uncertain,742,2.5,0.64,meets_target,51,2.31,0.47,uncertain
packages/int_map/scaling.bend::run_core_checked,bend_definition,100,True,False,1136,2.57,0.5900000000000001,uncertain,1049,2.32,0.52,uncertain,243,2.03,0.28,below_target
packages/int_map/scaling.bend::parsed_core,bend_definition,108,True,False,1036,2.63,0.5800000000000001,uncertain,654,2.55,0.66,meets_target,84,2.22,0.38,below_target
packages/int_map/scaling.bend::args_core,bend_definition,113,True,False,1154,2.56,0.57,uncertain,1187,2.22,0.45999999999999996,uncertain,290,1.99,0.32,below_target
packages/output_builder/BYTE_LAWS.bend::list_right,bend_law,6,False,False,96,3.01,0.93,meets_target,1167,2.23,0.42000000000000004,uncertain,1207,1.35,0.04,below_target
packages/output_builder/BYTE_LAWS.bend::list_assoc,bend_law,10,False,False,111,3,0.9,meets_target,784,2.47,0.6000000000000001,meets_target,1033,1.46,0.04,below_target
packages/output_builder/BYTE_LAWS.bend::flatten_join,bend_law,16,False,False,13,3.13,0.9,meets_target,43,2.9,0.8600000000000001,meets_target,765,1.63,0.06,below_target
packages/output_builder/BYTE_LAWS.bend::emit_model,bend_law,22,False,False,520,2.87,0.78,meets_target,927,2.39,0.55,uncertain,597,1.77,0.13,below_target
packages/output_builder/BYTE_LAWS.bend::finish_model,bend_law,27,False,False,930,2.7,0.6900000000000001,meets_target,1319,2.16,0.45,uncertain,656,1.72,0.12,below_target
packages/output_builder/BYTE_LAWS.bend::empty,bend_law,34,False,False,80,3.02,0.8787878787878789,meets_target,391,2.68,0.68,meets_target,1286,1.27,0.03,below_target
packages/output_builder/BYTE_LAWS.bend::content,bend_law,37,False,False,741,2.8,0.73,meets_target,229,2.76,0.81,meets_target,77,2.23,0.36000000000000004,below_target
packages/output_builder/BYTE_LAWS.bend::invalid,bend_law,40,False,False,1124,2.58,0.5700000000000001,uncertain,1121,2.26,0.56,uncertain,372,1.92,0.25,below_target
packages/output_builder/BYTE_LAWS.bend::full,bend_law,43,False,False,716,2.81,0.74,meets_target,608,2.57,0.7000000000000001,meets_target,139,2.14,0.33,below_target
packages/output_builder/BYTE_LAWS.bend::compose_content,bend_law,46,False,False,842,2.75,0.72,meets_target,723,2.51,0.66,meets_target,451,1.87,0.21000000000000002,below_target
packages/output_builder/BYTE_LAWS.bend::overflow,bend_law,49,False,False,1372,2.4,0.6199999999999999,meets_target,1627,1.78,0.34,below_target,1391,1.16,0.07,below_target
packages/output_builder/BYTE_PROOF.bend::L.list_right,bend_law_fill,6,False,False,1586,2.1,0.49,uncertain,1684,1.62,0.31,below_target,1169,1.38,0.12,below_target
packages/output_builder/BYTE_PROOF.bend::L.list_assoc,bend_law_fill,14,False,False,1579,2.13,0.48,uncertain,1687,1.6,0.32,below_target,908,1.53,0.15000000000000002,below_target
packages/output_builder/BYTE_PROOF.bend::L.flatten_join,bend_law_fill,22,False,False,1724,1.5,0.19,below_target,1632,1.77,0.37,below_target,466,1.86,0.31000000000000005,below_target
packages/output_builder/BYTE_PROOF.bend::L.emit_model,bend_law_fill,34,False,False,1711,1.58,0.15,below_target,1679,1.64,0.30000000000000004,below_target,400,1.9,0.31999999999999995,below_target
packages/output_builder/BYTE_PROOF.bend::L.finish_model,bend_law_fill,58,False,False,1410,2.37,0.5400000000000001,uncertain,1261,2.19,0.52,uncertain,254,2.02,0.35,below_target
packages/output_builder/BYTE_PROOF.bend::L.empty,bend_law_fill,62,False,False,1791,0.73,0.18,below_target,1834,0.62,0.06,below_target,1862,0.15,0,below_target
packages/output_builder/BYTE_PROOF.bend::L.content,bend_law_fill,65,False,False,1836,0.37,0.08,below_target,1848,0.49,0.06,below_target,1833,0.32,0.03,below_target
packages/output_builder/BYTE_PROOF.bend::L.invalid,bend_law_fill,68,False,False,1848,0.28,0.060000000000000005,below_target,1833,0.64,0.12000000000000001,below_target,1826,0.39,0.04,below_target
packages/output_builder/BYTE_PROOF.bend::L.full,bend_law_fill,71,False,False,1866,0.23,0.04,below_target,1879,0.3,0.03,below_target,1864,0.14,0.01,below_target
packages/output_builder/BYTE_PROOF.bend::L.compose_content,bend_law_fill,74,False,False,1818,0.48,0.09999999999999999,below_target,1844,0.54,0.09,below_target,1849,0.23,0.02,below_target
packages/output_builder/BYTE_PROOF.bend::L.overflow,bend_law_fill,77,False,False,1873,0.21,0.03,below_target,1837,0.6,0.09,below_target,1834,0.3,0.04,below_target
packages/output_builder/LAWS.bend::string_right,bend_law,6,False,False,34,3.07,0.98,meets_target,815,2.45,0.49,uncertain,1242,1.31,0.02,below_target
packages/output_builder/LAWS.bend::string_assoc,bend_law,10,False,False,111,3,0.9393939393939393,meets_target,475,2.64,0.67,meets_target,1225,1.33,0.02,below_target
packages/output_builder/LAWS.bend::flatten_join,bend_law,16,False,False,32,3.08,0.9099999999999999,meets_target,25,2.93,0.8899999999999999,meets_target,783,1.61,0.05,below_target
packages/output_builder/LAWS.bend::emit_model,bend_law,22,False,False,1003,2.65,0.62,meets_target,633,2.56,0.67,meets_target,528,1.82,0.13,below_target
packages/output_builder/LAWS.bend::finish_model,bend_law,27,False,False,486,2.88,0.78,meets_target,209,2.77,0.78,meets_target,440,1.88,0.16,below_target
packages/output_builder/LAWS.bend::empty,bend_law,31,False,False,3,3.19,0.93,meets_target,187,2.78,0.77,meets_target,1121,1.4,0.04,below_target
packages/output_builder/LAWS.bend::fragment,bend_law,34,False,False,1,3.2,0.9400000000000001,meets_target,33,2.92,0.86,meets_target,576,1.78,0.10999999999999997,below_target
packages/output_builder/LAWS.bend::compose,bend_law,38,False,False,1,3.2,0.9199999999999999,meets_target,124,2.83,0.8200000000000001,meets_target,597,1.77,0.09999999999999998,below_target
packages/output_builder/LAWS.bend::append,bend_law,43,False,False,28,3.09,0.9099999999999999,meets_target,187,2.78,0.79,meets_target,551,1.8,0.12,below_target
packages/output_builder/LAWS.bend::character,bend_law,48,False,False,23,3.1,0.9099999999999999,meets_target,359,2.7,0.75,meets_target,466,1.86,0.1515151515151515,below_target
packages/output_builder/LAWS.bend::left_identity,bend_law,53,False,False,17,3.12,0.93,meets_target,229,2.76,0.77,meets_target,638,1.74,0.1,below_target
packages/output_builder/LAWS.bend::right_identity,bend_law,57,False,False,6,3.16,0.9393939393939393,meets_target,59,2.88,0.8500000000000001,meets_target,623,1.75,0.09999999999999998,below_target
packages/output_builder/LAWS.bend::associativity,bend_law,61,False,False,28,3.09,0.9099999999999999,meets_target,21,2.94,0.88,meets_target,538,1.81,0.13,below_target
packages/output_builder/LAWS.bend::empty_fragment,bend_law,67,False,False,69,3.03,0.8899999999999999,meets_target,571,2.59,0.66,meets_target,948,1.51,0.05,below_target
packages/output_builder/LAWS.bend::snapshot,bend_law,72,False,False,315,2.93,0.8282828282828283,meets_target,85,2.86,0.8500000000000001,meets_target,183,2.09,0.25,below_target
packages/output_builder/LAWS.bend::witness,bend_law,79,False,False,764,2.79,0.72,meets_target,433,2.66,0.7200000000000001,meets_target,565,1.79,0.18,below_target
packages/output_builder/PROOF.bend::L.string_right,bend_law_fill,7,False,False,1627,2,0.45,uncertain,1735,1.42,0.25,below_target,1191,1.36,0.09999999999999999,below_target
packages/output_builder/PROOF.bend::L.string_assoc,bend_law_fill,15,False,False,1634,1.98,0.42999999999999994,uncertain,1729,1.44,0.27,below_target,1191,1.36,0.09000000000000001,below_target
packages/output_builder/PROOF.bend::L.flatten_join,bend_law_fill,23,False,False,1558,2.18,0.36,below_target,958,2.37,0.6000000000000001,meets_target,183,2.09,0.36000000000000004,below_target
packages/output_builder/PROOF.bend::L.emit_model,bend_law_fill,35,False,False,1671,1.74,0.19,below_target,1660,1.69,0.31,below_target,418,1.89,0.31999999999999995,below_target
packages/output_builder/PROOF.bend::L.finish_model,bend_law_fill,59,False,False,425,2.9,0.86,meets_target,571,2.59,0.6799999999999999,meets_target,451,1.87,0.26,below_target
packages/output_builder/PROOF.bend::L.empty,bend_law_fill,63,False,False,1821,0.45,0.11,below_target,1860,0.41,0.02,below_target,1885,0.07,0,below_target
packages/output_builder/PROOF.bend::L.fragment,bend_law_fill,66,False,False,930,2.7,0.81,meets_target,1533,1.95,0.3,below_target,1403,1.15,0.03,below_target
packages/output_builder/PROOF.bend::L.compose,bend_law_fill,69,False,False,1664,1.78,0.27,below_target,1647,1.73,0.36,below_target,717,1.68,0.27,below_target
packages/output_builder/PROOF.bend::L.append,bend_law_fill,72,False,False,1136,2.57,0.63,meets_target,831,2.44,0.61,meets_target,290,1.99,0.32999999999999996,below_target
packages/output_builder/PROOF.bend::L.character,bend_law_fill,76,False,False,42,3.06,0.9595959595959596,meets_target,334,2.71,0.7272727272727273,meets_target,809,1.59,0.15000000000000002,below_target
packages/output_builder/PROOF.bend::L.left_identity,bend_law_fill,79,False,False,1842,0.3,0.05,below_target,1854,0.45,0.04,below_target,1871,0.12,0,below_target
packages/output_builder/PROOF.bend::L.right_identity,bend_law_fill,82,False,False,1857,0.26,0.04,below_target,1857,0.44,0.03,below_target,1871,0.12,0,below_target
packages/output_builder/PROOF.bend::L.associativity,bend_law_fill,85,False,False,1864,0.24,0.04,below_target,1847,0.5,0.08,below_target,1860,0.16,0.01,below_target
packages/output_builder/PROOF.bend::L.empty_fragment,bend_law_fill,88,False,False,1860,0.25,0.05,below_target,1886,0.28,0.01,below_target,1887,0.04,0,below_target
packages/output_builder/PROOF.bend::L.snapshot,bend_law_fill,91,False,False,1570,2.15,0.31,below_target,1366,2.14,0.5,uncertain,193,2.08,0.36,below_target
packages/output_builder/PROOF.bend::L.witness,bend_law_fill,97,False,False,1793,0.71,0.17,below_target,1799,1,0.2,below_target,1816,0.52,0.07,below_target
packages/output_builder/byte_model.bend::join,bend_definition,4,False,False,6,3.16,0.99,meets_target,334,2.71,0.73,meets_target,1340,1.22,0.01,below_target
packages/output_builder/byte_model.bend::flatten,bend_definition,11,False,False,69,3.03,0.96,meets_target,455,2.65,0.6900000000000001,meets_target,1242,1.31,0.01,below_target
packages/output_builder/byte_model.bend::chunks,bend_definition,18,False,False,245,2.95,0.91,meets_target,359,2.7,0.73,meets_target,948,1.51,0.02,below_target
packages/output_builder/byte_model.bend::observe,bend_definition,28,False,False,486,2.88,0.89,meets_target,706,2.52,0.62,meets_target,809,1.59,0.06,below_target
packages/output_builder/bytes.bend::Tree,bend_datatype,3,False,False,657,2.83,0.8,meets_target,374,2.69,0.72,meets_target,791,1.6,0.05,below_target
packages/output_builder/bytes.bend::Builder,bend_datatype,8,True,False,587,2.85,0.81,meets_target,1082,2.3,0.51,uncertain,597,1.77,0.09000000000000001,below_target
packages/output_builder/bytes.bend::Error,bend_datatype,11,True,False,805,2.77,0.76,meets_target,187,2.78,0.79,meets_target,202,2.07,0.23,below_target
packages/output_builder/bytes.bend::empty,bend_definition,15,False,False,69,3.03,0.99,meets_target,309,2.72,0.71,meets_target,1416,1.14,0,below_target
packages/output_builder/bytes.bend::length,bend_definition,18,False,False,1053,2.62,0.81,meets_target,1754,1.34,0.17,below_target,1541,1,0,below_target
packages/output_builder/bytes.bend::limit,bend_definition,23,False,False,1318,2.44,0.73,meets_target,1750,1.36,0.15000000000000002,below_target,1573,0.95,0,below_target
packages/output_builder/bytes.bend::guard,bend_definition,29,False,False,279,2.94,0.9400000000000001,meets_target,59,2.88,0.87,meets_target,243,2.03,0.21000000000000002,below_target
packages/output_builder/bytes.bend::scan,bend_definition,36,False,False,279,2.94,0.92,meets_target,229,2.76,0.78,meets_target,61,2.28,0.36,below_target
packages/output_builder/bytes.bend::attach,bend_definition,44,False,False,354,2.92,0.9,meets_target,124,2.83,0.8300000000000001,meets_target,610,1.76,0.09000000000000001,below_target
packages/output_builder/bytes.bend::append,bend_definition,51,False,False,425,2.9,0.8500000000000001,meets_target,359,2.7,0.75,meets_target,37,2.34,0.42000000000000004,uncertain
packages/output_builder/bytes.bend::fragment,bend_definition,56,False,False,126,2.99,0.91,meets_target,334,2.71,0.72,meets_target,280,2,0.24000000000000002,below_target
packages/output_builder/bytes.bend::byte,bend_definition,59,False,False,393,2.91,0.89,meets_target,633,2.56,0.6,meets_target,466,1.86,0.2,below_target
packages/output_builder/bytes.bend::combine,bend_definition,62,False,False,190,2.97,0.9500000000000001,meets_target,187,2.78,0.79,meets_target,948,1.51,0.04,below_target
packages/output_builder/bytes.bend::compose,bend_definition,69,False,False,162,2.98,0.93,meets_target,1236,2.2,0.49,uncertain,499,1.84,0.15,below_target
packages/output_builder/bytes.bend::emit,bend_definition,74,False,False,53,3.05,0.95,meets_target,174,2.79,0.79,meets_target,791,1.6,0.02,below_target
packages/output_builder/bytes.bend::finish,bend_definition,83,False,False,1603,2.07,0.5,uncertain,1762,1.3,0.17,below_target,1340,1.22,0.03,below_target
packages/output_builder/conformance.bend::assert,bend_definition,6,False,False,842,2.75,0.84,meets_target,687,2.53,0.56,uncertain,1333,1.23,0.01,below_target
packages/output_builder/conformance.bend::texts,bend_definition,13,False,False,1482,2.29,0.63,meets_target,1135,2.25,0.33,below_target,1000,1.48,0.07,below_target
packages/output_builder/conformance.bend::triple,bend_definition,16,False,False,1732,1.47,0.12,below_target,1612,1.81,0.34,below_target,835,1.57,0.1,below_target
packages/output_builder/conformance.bend::thirds,bend_definition,25,False,False,1538,2.22,0.42000000000000004,uncertain,1438,2.07,0.43,uncertain,623,1.75,0.16,below_target
packages/output_builder/conformance.bend::seconds,bend_definition,32,False,False,1154,2.56,0.55,uncertain,687,2.53,0.63,meets_target,318,1.96,0.25,below_target
packages/output_builder/conformance.bend::all_texts,bend_definition,39,False,False,1204,2.52,0.5100000000000001,uncertain,815,2.45,0.6,meets_target,233,2.04,0.3,below_target
packages/output_builder/conformance.bend::same_bytes,bend_definition,46,False,False,862,2.74,0.76,meets_target,85,2.86,0.85,meets_target,1082,1.43,0.02,below_target
packages/output_builder/conformance.bend::success,bend_definition,57,False,False,622,2.84,0.8300000000000001,meets_target,50,2.89,0.87,meets_target,400,1.9,0.15,below_target
packages/output_builder/conformance.bend::is_limit,bend_definition,64,False,False,893,2.72,0.83,meets_target,801,2.46,0.52,uncertain,1403,1.15,0,below_target
packages/output_builder/conformance.bend::limited,bend_definition,71,False,False,354,2.92,0.93,meets_target,723,2.51,0.54,uncertain,1063,1.44,0.05,below_target
packages/output_builder/conformance.bend::is_invalid,bend_definition,78,False,False,587,2.85,0.9,meets_target,687,2.53,0.59,uncertain,1359,1.2,0,below_target
packages/output_builder/conformance.bend::invalid,bend_definition,85,False,False,943,2.69,0.75,meets_target,958,2.37,0.47000000000000003,uncertain,1310,1.25,0.02,below_target
packages/output_builder/conformance.bend::byte_states,bend_definition,92,True,False,1638,1.96,0.27,below_target,1069,2.31,0.56,uncertain,193,2.08,0.31,below_target
packages/output_builder/conformance.bend::pair_bytes,bend_definition,105,False,False,1562,2.17,0.36000000000000004,below_target,1342,2.15,0.4848484848484849,uncertain,290,1.99,0.22,below_target
packages/output_builder/conformance.bend::capacity_result,bend_definition,118,False,False,1651,1.87,0.29000000000000004,below_target,1665,1.68,0.29000000000000004,below_target,738,1.66,0.15,below_target
packages/output_builder/conformance.bend::capacity_case,bend_definition,126,False,False,1072,2.61,0.5700000000000001,uncertain,979,2.36,0.55,uncertain,266,2.01,0.26,below_target
packages/output_builder/conformance.bend::capacities,bend_definition,131,True,False,1403,2.38,0.45,uncertain,958,2.37,0.55,uncertain,565,1.79,0.17,below_target
packages/output_builder/conformance.bend::compose_results,bend_definition,138,False,False,1603,2.07,0.37,below_target,246,2.75,0.78,meets_target,1000,1.48,0.03,below_target
packages/output_builder/conformance.bend::byte_assoc,bend_definition,149,False,False,1454,2.32,0.55,uncertain,586,2.58,0.7000000000000001,meets_target,893,1.54,0.08000000000000002,below_target
packages/output_builder/conformance.bend::portable,bend_definition,153,True,False,1675,1.72,0.2,below_target,723,2.51,0.66,meets_target,400,1.9,0.22,below_target
packages/output_builder/conformance.bend::main,bend_definition,170,True,False,1611,2.05,0.32,below_target,943,2.38,0.56,uncertain,359,1.93,0.26,below_target
packages/output_builder/evidence/remote-consumer.bend::assert,bend_definition,6,False,False,1283,2.47,0.67,meets_target,1003,2.35,0.46,uncertain,1140,1.39,0.02,below_target
packages/output_builder/evidence/remote-consumer.bend::equal,bend_definition,13,False,False,1295,2.46,0.54,uncertain,59,2.88,0.86,meets_target,1000,1.48,0.02,below_target
packages/output_builder/evidence/remote-consumer.bend::output,bend_definition,24,False,False,1547,2.19,0.48,uncertain,1423,2.09,0.39,below_target,948,1.51,0.07,below_target
packages/output_builder/evidence/remote-consumer.bend::join,bend_definition,31,False,False,1729,1.48,0.11,below_target,1148,2.24,0.45,uncertain,1082,1.43,0.04,below_target
packages/output_builder/evidence/remote-consumer.bend::main,bend_definition,42,False,False,1531,2.23,0.39,below_target,891,2.41,0.56,uncertain,671,1.71,0.14,below_target
packages/output_builder/example.bend::byte_example,bend_definition,5,False,False,1504,2.26,0.49,uncertain,1495,2.01,0.31,below_target,1140,1.39,0.03,below_target
packages/output_builder/example.bend::main,bend_definition,14,False,False,1273,2.48,0.52,uncertain,1342,2.15,0.45,uncertain,318,1.96,0.25,below_target
packages/output_builder/main.bend::Builder,bend_datatype,3,True,False,111,3,0.92,meets_target,43,2.9,0.88,meets_target,871,1.55,0.02,below_target
packages/output_builder/main.bend::empty,bend_definition,8,False,False,80,3.02,0.98,meets_target,654,2.55,0.5700000000000001,uncertain,1514,1.04,0,below_target
packages/output_builder/main.bend::fragment,bend_definition,11,False,False,111,3,0.99,meets_target,654,2.55,0.56,uncertain,1384,1.17,0.01,below_target
packages/output_builder/main.bend::compose,bend_definition,14,False,False,9,3.15,0.98,meets_target,209,2.77,0.75,meets_target,1178,1.37,0.03,below_target
packages/output_builder/main.bend::append,bend_definition,17,False,False,13,3.13,0.99,meets_target,97,2.85,0.8300000000000001,meets_target,1000,1.48,0.0404040404040404,below_target
packages/output_builder/main.bend::character,bend_definition,20,False,False,764,2.79,0.8500000000000001,meets_target,1049,2.32,0.52,uncertain,871,1.55,0.07,below_target
packages/output_builder/main.bend::emit,bend_definition,24,False,False,96,3.01,0.9,meets_target,174,2.79,0.79,meets_target,671,1.71,0.06,below_target
packages/output_builder/main.bend::finish,bend_definition,33,False,False,13,3.13,0.99,meets_target,309,2.72,0.7200000000000001,meets_target,809,1.59,0.07,below_target
packages/output_builder/model.bend::join,bend_definition,5,False,False,11,3.14,0.99,meets_target,50,2.89,0.86,meets_target,1015,1.47,0.02,below_target
packages/output_builder/model.bend::flatten,bend_definition,12,False,False,96,3.01,0.95,meets_target,723,2.51,0.61,meets_target,1169,1.38,0.02,below_target
packages/output_builder/model.bend::chunks,bend_definition,20,False,False,126,2.99,0.9299999999999999,meets_target,151,2.81,0.8300000000000001,meets_target,753,1.64,0.0404040404040404,below_target
packages/output_builder/performance.bend::build,bend_definition,6,False,False,126,2.99,0.9400000000000001,meets_target,415,2.67,0.6900000000000001,meets_target,823,1.58,0.04,below_target
packages/output_builder/performance.bend::expected,bend_definition,13,False,False,354,2.92,0.8899999999999999,meets_target,1049,2.32,0.44,uncertain,1169,1.38,0.02,below_target
packages/output_builder/performance.bend::uneven,bend_definition,20,False,False,454,2.89,0.8400000000000001,meets_target,801,2.46,0.5700000000000001,uncertain,481,1.85,0.11,below_target
packages/output_builder/performance.bend::bytes_build,bend_definition,27,False,False,1643,1.92,0.31999999999999995,below_target,1509,2,0.41000000000000003,uncertain,638,1.74,0.13,below_target
packages/output_builder/performance.bend::add_census,bend_definition,39,False,False,245,2.95,0.9400000000000001,meets_target,229,2.76,0.78,meets_target,933,1.52,0.04,below_target
packages/output_builder/performance.bend::print_census,bend_definition,44,False,False,1124,2.58,0.75,meets_target,1319,2.16,0.34,below_target,1505,1.05,0,below_target
packages/output_builder/performance.bend::census,bend_definition,49,False,False,425,2.9,0.89,meets_target,110,2.84,0.84,meets_target,646,1.73,0.06,below_target
packages/output_builder/performance.bend::run,bend_definition,58,True,False,1305,2.45,0.47,uncertain,359,2.7,0.77,meets_target,153,2.12,0.28,below_target
packages/output_builder/release.bend::main,bend_definition,6,False,False,953,2.68,0.6499999999999999,meets_target,831,2.44,0.62,meets_target,148,2.13,0.33,below_target
packages/source/LAWS.bend::content_identity,bend_law,8,True,False,1391,2.39,0.45999999999999996,uncertain,979,2.36,0.54,uncertain,623,1.75,0.15,below_target
packages/source/LAWS.bend::file_identity,bend_law,12,False,False,1234,2.5,0.53,uncertain,850,2.43,0.56,uncertain,623,1.75,0.17,below_target
packages/source/LAWS.bend::empty_content,bend_law,16,False,False,1295,2.46,0.5900000000000001,uncertain,1394,2.12,0.44,uncertain,1098,1.42,0.07999999999999999,below_target
packages/source/LAWS.bend::empty_lines,bend_law,20,False,False,1154,2.56,0.6200000000000001,meets_target,1082,2.3,0.47000000000000003,uncertain,1015,1.47,0.0808080808080808,below_target
packages/source/LAWS.bend::scalar_units,bend_law,24,False,False,1273,2.48,0.51,uncertain,1069,2.31,0.53,uncertain,514,1.83,0.22,below_target
packages/source/LAWS.bend::indexed_value,bend_law,29,True,False,1513,2.25,0.54,uncertain,1660,1.69,0.29000000000000004,below_target,1063,1.44,0.15000000000000002,below_target
packages/source/LAWS.bend::peek_codepoint,bend_law,31,True,False,1504,2.26,0.36000000000000004,below_target,1049,2.32,0.55,uncertain,682,1.7,0.16,below_target
packages/source/LAWS.bend::bump_restore_content,bend_law,33,True,False,1495,2.27,0.36,below_target,1016,2.34,0.5656565656565656,uncertain,565,1.79,0.18000000000000002,below_target
packages/source/LAWS.bend::eof_fixed_point,bend_law,35,True,False,1520,2.24,0.39,below_target,1378,2.13,0.45,uncertain,908,1.53,0.09,below_target
packages/source/LAWS.bend::span_order,bend_law,37,True,False,1410,2.37,0.47,uncertain,1261,2.19,0.48,uncertain,791,1.6,0.13,below_target
packages/source/LAWS.bend::empty_eof_span,bend_law,39,True,False,1547,2.19,0.47,uncertain,1568,1.89,0.33,below_target,1207,1.35,0.07,below_target
packages/source/LAWS.bend::newline_location,bend_law,41,True,False,1520,2.24,0.41000000000000003,uncertain,1473,2.03,0.41000000000000003,uncertain,948,1.51,0.10999999999999997,below_target
packages/source/LAWS.bend::newline_roundtrip,bend_law,43,True,False,1476,2.3,0.36000000000000004,below_target,1016,2.34,0.56,uncertain,717,1.68,0.12,below_target
packages/source/LAWS.bend::cr_is_content,bend_law,45,True,False,1531,2.23,0.44999999999999996,uncertain,1593,1.85,0.32,below_target,1225,1.33,0.08000000000000002,below_target
packages/source/LAWS.bend::crlf_location,bend_law,47,True,False,1520,2.24,0.43999999999999995,uncertain,1495,2.01,0.38,below_target,1178,1.37,0.07,below_target
packages/source/LAWS.bend::trailing_line,bend_law,49,True,False,1410,2.37,0.52,uncertain,1528,1.96,0.39,below_target,1253,1.3,0.06,below_target
packages/source/LAWS.bend::canonical_location,bend_law,51,True,False,1543,2.2,0.34,below_target,1445,2.06,0.43,uncertain,791,1.6,0.14,below_target
packages/source/LAWS.bend::foreign_cursor,bend_law,53,True,False,1410,2.37,0.49,uncertain,1289,2.18,0.5,uncertain,893,1.54,0.11,below_target
packages/source/LAWS.bend::foreign_span,bend_law,55,True,False,1520,2.24,0.4,below_target,1512,1.99,0.38,below_target,871,1.55,0.11,below_target
packages/source/LAWS.bend::rejected_span,bend_law,57,True,False,1547,2.19,0.32,below_target,1495,2.01,0.42,uncertain,948,1.51,0.09,below_target
packages/source/LAWS.bend::rejected_offset,bend_law,59,True,False,1425,2.36,0.54,uncertain,1438,2.07,0.44,uncertain,1033,1.46,0.10000000000000002,below_target
packages/source/LAWS.bend::exhausted_limit,bend_law,61,False,False,930,2.7,0.76,meets_target,958,2.37,0.53,uncertain,1015,1.47,0.07,below_target
packages/source/LAWS.bend::invalid_scalar,bend_law,63,False,False,953,2.68,0.71,meets_target,801,2.46,0.6,meets_target,1063,1.44,0.08999999999999998,below_target
packages/source/LAWS.bend::checked_cursor,bend_law,68,False,False,454,2.89,0.9,meets_target,891,2.41,0.54,uncertain,1033,1.46,0.05,below_target
packages/source/LAWS.bend::accepted_cursor,bend_law,74,False,False,1016,2.64,0.6799999999999999,meets_target,870,2.42,0.6,meets_target,646,1.73,0.14,below_target
packages/source/LAWS.bend::rejected_cursor,bend_law,80,False,False,1176,2.55,0.6499999999999999,meets_target,1167,2.23,0.5,uncertain,823,1.58,0.1,below_target
packages/source/LAWS.bend::accepted_span,bend_law,86,False,False,913,2.71,0.74,meets_target,870,2.42,0.5900000000000001,uncertain,646,1.73,0.14,below_target
packages/source/LAWS.bend::rejected_span_universal,bend_law,93,False,False,1003,2.65,0.72,meets_target,1135,2.25,0.5,uncertain,982,1.49,0.07,below_target
packages/source/LAWS.bend::foreign_restore,bend_law,100,False,False,1072,2.61,0.6699999999999999,meets_target,1095,2.29,0.53,uncertain,791,1.6,0.11,below_target
packages/source/LAWS.bend::inhabited_cursor_domain,bend_law,107,True,False,1454,2.32,0.38,below_target,1167,2.23,0.5,uncertain,656,1.72,0.16,below_target
packages/source/LAWS.bend::inhabited_span_domain,bend_law,109,True,False,1562,2.17,0.32,below_target,1378,2.13,0.47000000000000003,uncertain,704,1.69,0.14,below_target
packages/source/LAWS.bend::maximum_policy,bend_law,112,False,False,975,2.67,0.8200000000000001,meets_target,1167,2.23,0.36000000000000004,below_target,1416,1.14,0.02,below_target
packages/source/PROOF.bend::Laws.content_identity,bend_law_fill,6,False,False,1721,1.51,0.3899999999999999,below_target,1528,1.96,0.37,below_target,1242,1.31,0.07,below_target
packages/source/PROOF.bend::Laws.file_identity,bend_law_fill,7,False,False,1204,2.52,0.75,meets_target,1495,2.01,0.42000000000000004,uncertain,1082,1.43,0.10999999999999997,below_target
packages/source/PROOF.bend::Laws.empty_content,bend_law_fill,8,False,False,1305,2.45,0.73,meets_target,1121,2.26,0.52,uncertain,1237,1.32,0.07,below_target
packages/source/PROOF.bend::Laws.empty_lines,bend_law_fill,9,False,False,1734,1.44,0.37,below_target,1635,1.76,0.33,below_target,1530,1.02,0.03,below_target
packages/source/PROOF.bend::Laws.scalar_units,bend_law_fill,10,False,False,1782,0.83,0.19,below_target,1729,1.44,0.25,below_target,1436,1.12,0.08000000000000002,below_target
packages/source/PROOF.bend::Laws.indexed_value,bend_law_fill,11,False,False,1713,1.56,0.43,uncertain,1747,1.37,0.2,below_target,1541,1,0.07,below_target
packages/source/PROOF.bend::Laws.peek_codepoint,bend_law_fill,12,False,False,1838,0.32,0.05,below_target,1819,0.85,0.13000000000000003,below_target,1816,0.52,0.02,below_target
packages/source/PROOF.bend::Laws.bump_restore_content,bend_law_fill,13,False,False,1756,1.09,0.29000000000000004,below_target,1618,1.8,0.39,below_target,1562,0.97,0.05,below_target
packages/source/PROOF.bend::Laws.eof_fixed_point,bend_law_fill,14,False,False,1804,0.62,0.15000000000000002,below_target,1778,1.16,0.18000000000000002,below_target,1793,0.65,0.0303030303030303,below_target
packages/source/PROOF.bend::Laws.span_order,bend_law_fill,15,False,False,1807,0.58,0.14,below_target,1696,1.58,0.29000000000000004,below_target,1555,0.98,0.07,below_target
packages/source/PROOF.bend::Laws.empty_eof_span,bend_law_fill,16,False,False,1752,1.2,0.32999999999999996,below_target,1718,1.48,0.27,below_target,1445,1.11,0.07,below_target
packages/source/PROOF.bend::Laws.newline_location,bend_law_fill,17,False,False,1736,1.43,0.39,below_target,1654,1.7,0.28,below_target,1391,1.16,0.06,below_target
packages/source/PROOF.bend::Laws.newline_roundtrip,bend_law_fill,18,False,False,1743,1.3,0.37,below_target,1462,2.04,0.35000000000000003,below_target,1350,1.21,0.04,below_target
packages/source/PROOF.bend::Laws.cr_is_content,bend_law_fill,19,False,False,1711,1.58,0.44999999999999996,uncertain,1715,1.5,0.24000000000000002,below_target,1636,0.91,0.04,below_target
packages/source/PROOF.bend::Laws.crlf_location,bend_law_fill,20,False,False,1688,1.65,0.47,uncertain,1665,1.68,0.28,below_target,1497,1.06,0.04,below_target
packages/source/PROOF.bend::Laws.trailing_line,bend_law_fill,21,False,False,1681,1.68,0.47000000000000003,uncertain,1665,1.68,0.29000000000000004,below_target,1555,0.98,0.05,below_target
packages/source/PROOF.bend::Laws.canonical_location,bend_law_fill,22,False,False,1764,0.97,0.25,below_target,1721,1.47,0.27,below_target,1663,0.9,0.05,below_target
packages/source/PROOF.bend::Laws.foreign_cursor,bend_law_fill,23,False,False,1702,1.61,0.44,uncertain,1597,1.84,0.37,below_target,1273,1.28,0.11,below_target
packages/source/PROOF.bend::Laws.foreign_span,bend_law_fill,24,False,False,1636,1.97,0.5700000000000001,uncertain,1482,2.02,0.43,uncertain,1262,1.29,0.1,below_target
packages/source/PROOF.bend::Laws.rejected_span,bend_law_fill,25,False,False,1705,1.6,0.44999999999999996,uncertain,1674,1.66,0.24000000000000002,below_target,1753,0.84,0.010000000000000002,below_target
packages/source/PROOF.bend::Laws.rejected_offset,bend_law_fill,26,False,False,1662,1.79,0.51,uncertain,1669,1.67,0.31,below_target,1262,1.29,0.11,below_target
packages/source/PROOF.bend::Laws.exhausted_limit,bend_law_fill,27,False,False,1740,1.37,0.35999999999999993,below_target,1669,1.67,0.32,below_target,1403,1.15,0.07,below_target
packages/source/PROOF.bend::Laws.invalid_scalar,bend_law_fill,28,False,False,1728,1.49,0.39999999999999997,below_target,1635,1.76,0.35000000000000003,below_target,1613,0.92,0.06,below_target
packages/source/PROOF.bend::Laws.checked_cursor,bend_law_fill,29,False,False,1801,0.65,0.16,below_target,1811,0.91,0.13,below_target,1819,0.5,0.02,below_target
packages/source/PROOF.bend::Laws.accepted_cursor,bend_law_fill,31,False,False,893,2.72,0.79,meets_target,1528,1.96,0.4,below_target,728,1.67,0.17,below_target
packages/source/PROOF.bend::Laws.rejected_cursor,bend_law_fill,37,False,False,862,2.74,0.79,meets_target,1473,2.03,0.43,uncertain,682,1.7,0.18,below_target
packages/source/PROOF.bend::Laws.accepted_span,bend_law_fill,43,False,False,805,2.77,0.8,meets_target,1187,2.22,0.51,uncertain,638,1.74,0.17,below_target
packages/source/PROOF.bend::Laws.rejected_span_universal,bend_law_fill,49,False,False,550,2.86,0.85,meets_target,1423,2.09,0.45,uncertain,704,1.69,0.16,below_target
packages/source/PROOF.bend::Laws.foreign_restore,bend_law_fill,55,False,False,1111,2.59,0.69,meets_target,1618,1.8,0.36000000000000004,below_target,809,1.59,0.14,below_target
packages/source/PROOF.bend::Laws.inhabited_cursor_domain,bend_law_fill,60,False,False,1743,1.3,0.35,below_target,1718,1.48,0.23,below_target,1760,0.8,0.02,below_target
packages/source/PROOF.bend::Laws.inhabited_span_domain,bend_law_fill,61,False,False,1780,0.87,0.23,below_target,1717,1.49,0.2,below_target,1760,0.8,0.02,below_target
packages/source/PROOF.bend::Laws.maximum_policy,bend_law_fill,62,False,False,1273,2.48,0.75,meets_target,1394,2.12,0.37,below_target,1497,1.06,0.0202020202020202,below_target
packages/source/benchmark.bend::corpus,bend_definition,6,False,False,42,3.06,0.96,meets_target,654,2.55,0.61,meets_target,823,1.58,0.05,below_target
packages/source/benchmark.bend::checked_location,bend_definition,11,False,False,520,2.87,0.88,meets_target,515,2.62,0.67,meets_target,783,1.61,0.06,below_target
packages/source/benchmark.bend::expected_char,bend_definition,15,False,False,1111,2.59,0.73,meets_target,493,2.63,0.6900000000000001,meets_target,933,1.52,0.04,below_target
packages/source/benchmark.bend::checked_char,bend_definition,21,True,False,862,2.74,0.7300000000000001,meets_target,784,2.47,0.62,meets_target,451,1.87,0.2,below_target
packages/source/benchmark.bend::scan,bend_definition,25,True,False,1305,2.45,0.48,uncertain,910,2.4,0.58,uncertain,130,2.15,0.34,below_target
packages/source/benchmark.bend::finish,bend_definition,32,False,False,425,2.9,0.9400000000000001,meets_target,1462,2.04,0.21,below_target,1541,1,0,below_target
packages/source/benchmark.bend::built,bend_definition,36,True,False,1136,2.57,0.54,uncertain,831,2.44,0.62,meets_target,223,2.05,0.3,below_target
packages/source/benchmark.bend::workload,bend_definition,41,True,False,1283,2.47,0.51,uncertain,1548,1.93,0.41000000000000003,uncertain,538,1.81,0.25,below_target
packages/source/conformance.bend::span_ends,bend_definition,7,True,False,245,2.95,0.89,meets_target,391,2.68,0.73,meets_target,418,1.89,0.1616161616161616,below_target
packages/source/conformance.bend::positions,bend_definition,12,True,False,1582,2.11,0.33,below_target,1473,2.03,0.44,uncertain,51,2.31,0.47,uncertain
packages/source/conformance.bend::columns,bend_definition,18,True,False,943,2.69,0.76,meets_target,765,2.48,0.58,uncertain,682,1.7,0.12,below_target
packages/source/conformance.bend::locations,bend_definition,23,True,False,930,2.7,0.7200000000000001,meets_target,850,2.43,0.56,uncertain,551,1.8,0.16,below_target
packages/source/conformance.bend::sample,bend_definition,28,True,False,1627,2,0.32999999999999996,below_target,1618,1.8,0.35000000000000003,below_target,656,1.72,0.19,below_target
packages/source/conformance.bend::content_cases,bend_definition,31,True,False,1684,1.67,0.28,below_target,1542,1.94,0.4,below_target,211,2.06,0.31,below_target
packages/source/conformance.bend::cursor_cases,bend_definition,34,True,False,1694,1.63,0.23,below_target,1495,2.01,0.44,uncertain,528,1.82,0.22,below_target
packages/source/conformance.bend::invalid_cases,bend_definition,37,True,False,1753,1.16,0.11,below_target,1642,1.75,0.34,below_target,451,1.87,0.27,below_target
packages/source/conformance.bend::construction_cases,bend_definition,40,True,False,1668,1.75,0.27,below_target,1473,2.03,0.44,uncertain,671,1.71,0.18,below_target
packages/source/conformance.bend::all,bend_definition,43,True,False,1619,2.03,0.25,below_target,891,2.41,0.61,meets_target,102,2.19,0.39,below_target
packages/source/conformance.bend::main,bend_definition,46,True,False,1476,2.3,0.43000000000000005,uncertain,723,2.51,0.65,meets_target,84,2.22,0.43,uncertain
packages/source/example.bend::display_result,bend_definition,5,False,False,520,2.87,0.91,meets_target,1032,2.33,0.4,below_target,1366,1.19,0,below_target
packages/source/example.bend::extracted,bend_definition,10,False,False,1318,2.44,0.64,meets_target,1542,1.94,0.23,below_target,1445,1.11,0,below_target
packages/source/example.bend::built,bend_definition,14,False,False,1570,2.15,0.29000000000000004,below_target,1423,2.09,0.43,uncertain,835,1.57,0.08000000000000002,below_target
packages/source/example.bend::main,bend_definition,19,True,False,1520,2.24,0.32,below_target,1032,2.33,0.5700000000000001,uncertain,499,1.84,0.19,below_target
packages/source/main.bend::Source,bend_datatype,6,True,False,1504,2.26,0.42,uncertain,1415,2.1,0.33,below_target,948,1.51,0.04,below_target
packages/source/main.bend::Source.maximum,bend_definition,9,False,False,943,2.69,0.8400000000000001,meets_target,1627,1.78,0.2,below_target,1573,0.95,0,below_target
packages/source/main.bend::scalar,bend_definition,12,False,False,454,2.89,0.89,meets_target,391,2.68,0.7000000000000001,meets_target,1121,1.4,0.03,below_target
packages/source/main.bend::finish_push,bend_definition,16,False,False,1003,2.65,0.79,meets_target,1366,2.14,0.43,uncertain,1296,1.26,0.01,below_target
packages/source/main.bend::finish_line,bend_definition,21,False,False,953,2.68,0.77,meets_target,1202,2.21,0.42,uncertain,1273,1.28,0.02,below_target
packages/source/main.bend::add_line,bend_definition,25,False,False,1016,2.64,0.68,meets_target,1016,2.34,0.52,uncertain,753,1.64,0.08000000000000002,below_target
packages/source/main.bend::add_char_result,bend_definition,31,False,False,1410,2.37,0.47000000000000003,uncertain,979,2.36,0.53,uncertain,851,1.56,0.06,below_target
packages/source/main.bend::finish_char,bend_definition,36,False,False,1543,2.2,0.35000000000000003,below_target,1082,2.3,0.52,uncertain,908,1.53,0.06,below_target
packages/source/main.bend::add_valid,bend_definition,40,False,False,1442,2.34,0.41000000000000003,uncertain,979,2.36,0.59,uncertain,348,1.94,0.2,below_target
packages/source/main.bend::add,bend_definition,46,False,False,1442,2.34,0.36,below_target,654,2.55,0.68,meets_target,280,2,0.22000000000000003,below_target
packages/source/main.bend::build,bend_definition,51,False,False,1154,2.56,0.56,uncertain,554,2.6,0.72,meets_target,223,2.05,0.26,below_target
packages/source/main.bend::Source.bounded,bend_definition,56,False,False,913,2.71,0.6799999999999999,meets_target,979,2.36,0.5700000000000001,uncertain,338,1.95,0.24000000000000002,below_target
packages/source/main.bend::Source.new,bend_definition,59,False,False,764,2.79,0.76,meets_target,755,2.49,0.5757575757575758,uncertain,499,1.84,0.2,below_target
packages/source/main.bend::Source.file,bend_definition,62,False,False,1372,2.4,0.71,meets_target,1746,1.38,0.18000000000000002,below_target,1469,1.09,0.01,below_target
packages/source/main.bend::Source.length,bend_definition,66,False,False,1016,2.64,0.8,meets_target,1708,1.53,0.24000000000000002,below_target,1359,1.2,0.02,below_target
packages/source/main.bend::count_result,bend_definition,70,False,False,1391,2.39,0.67,meets_target,1692,1.59,0.22,below_target,1491,1.07,0.01,below_target
packages/source/main.bend::Source.line_count,bend_definition,74,False,False,1615,2.04,0.46,uncertain,1771,1.19,0.12000000000000001,below_target,1366,1.19,0.02,below_target
packages/source/main.bend::chars_text,bend_definition,79,False,False,23,3.1,0.9600000000000001,meets_target,110,2.84,0.8200000000000001,meets_target,753,1.64,0.08000000000000002,below_target
packages/source/main.bend::text_result,bend_definition,84,False,False,805,2.77,0.8300000000000001,meets_target,1473,2.03,0.37,below_target,1191,1.36,0.02,below_target
packages/source/main.bend::Source.text,bend_definition,88,False,False,1176,2.55,0.63,meets_target,1627,1.78,0.3,below_target,908,1.53,0.06,below_target
packages/source/main.bend::char_result,bend_definition,93,False,False,1003,2.65,0.78,meets_target,1095,2.29,0.48,uncertain,1253,1.3,0.01,below_target
packages/source/main.bend::get_result,bend_definition,98,False,False,1218,2.51,0.69,meets_target,1568,1.89,0.34,below_target,1219,1.34,0.03,below_target
packages/source/main.bend::Source.get,bend_definition,102,False,False,1053,2.62,0.67,meets_target,1415,2.1,0.42,uncertain,871,1.55,0.04,below_target
packages/source/main.bend::cursor_if,bend_definition,107,False,False,354,2.92,0.9400000000000001,meets_target,187,2.78,0.79,meets_target,1098,1.42,0.02,below_target
packages/source/main.bend::Source.cursor,bend_definition,112,False,False,486,2.88,0.9,meets_target,1049,2.32,0.54,uncertain,656,1.72,0.08,below_target
packages/source/main.bend::Source.checkpoint,bend_definition,117,False,False,1562,2.17,0.62,meets_target,1735,1.42,0.06,below_target,1754,0.83,0,below_target
packages/source/main.bend::restore_if,bend_definition,120,False,False,825,2.76,0.8200000000000001,meets_target,535,2.61,0.68,meets_target,908,1.53,0.04,below_target
packages/source/main.bend::Source.restore,bend_definition,125,False,False,1318,2.44,0.49,uncertain,1456,2.05,0.45,uncertain,481,1.85,0.15000000000000002,below_target
packages/source/main.bend::maybe_char,bend_definition,130,False,False,425,2.9,0.93,meets_target,85,2.86,0.85,meets_target,1178,1.37,0.01,below_target
packages/source/main.bend::peek_read,bend_definition,135,False,False,162,2.98,0.98,meets_target,359,2.7,0.72,meets_target,1121,1.4,0.02,below_target
packages/source/main.bend::peek_at,bend_definition,139,False,False,953,2.68,0.6900000000000001,meets_target,535,2.61,0.68,meets_target,871,1.55,0.04,below_target
packages/source/main.bend::peek_checked,bend_definition,145,False,False,1254,2.49,0.53,uncertain,1082,2.3,0.55,uncertain,623,1.75,0.11,below_target
packages/source/main.bend::peek_restored,bend_definition,151,False,False,975,2.67,0.68,meets_target,723,2.51,0.62,meets_target,966,1.5,0.05,below_target
packages/source/main.bend::Source.peek,bend_definition,155,False,False,1053,2.62,0.5800000000000001,uncertain,755,2.49,0.66,meets_target,418,1.89,0.19,below_target
packages/source/main.bend::bumped,bend_definition,158,False,False,893,2.72,0.77,meets_target,334,2.71,0.74,meets_target,982,1.49,0.02,below_target
packages/source/main.bend::bump_result,bend_definition,164,False,False,486,2.88,0.88,meets_target,706,2.52,0.59,uncertain,893,1.54,0.05,below_target
packages/source/main.bend::Source.bump,bend_definition,168,False,False,975,2.67,0.6599999999999999,meets_target,654,2.55,0.66,meets_target,576,1.78,0.15000000000000002,below_target
packages/source/main.bend::span_if,bend_definition,171,False,False,550,2.86,0.9,meets_target,455,2.65,0.7000000000000001,meets_target,1191,1.36,0.02,below_target
packages/source/main.bend::Source.span,bend_definition,176,False,False,716,2.81,0.85,meets_target,1423,2.09,0.42,uncertain,682,1.7,0.08,below_target
packages/source/main.bend::slice_result,bend_definition,181,False,False,393,2.91,0.92,meets_target,475,2.64,0.6900000000000001,meets_target,908,1.53,0.04,below_target
packages/source/main.bend::extract_result,bend_definition,186,False,False,1283,2.47,0.65,meets_target,1566,1.9,0.35000000000000003,below_target,1098,1.42,0.04,below_target
packages/source/main.bend::extract_if,bend_definition,190,False,False,1372,2.4,0.47000000000000003,uncertain,1342,2.15,0.47000000000000003,uncertain,908,1.53,0.05,below_target
packages/source/main.bend::Source.extract,bend_definition,196,False,False,1154,2.56,0.59,uncertain,1495,2.01,0.41000000000000003,uncertain,717,1.68,0.09,below_target
packages/source/main.bend::Search,bend_datatype,202,True,False,893,2.72,0.72,meets_target,309,2.72,0.77,meets_target,576,1.78,0.09000000000000001,below_target
packages/source/main.bend::split_search,bend_definition,207,False,False,126,2.99,0.99,meets_target,37,2.91,0.89,meets_target,1207,1.35,0.01,below_target
packages/source/main.bend::split_read,bend_definition,212,False,False,315,2.93,0.93,meets_target,151,2.81,0.81,meets_target,908,1.53,0.03,below_target
packages/source/main.bend::search_read,bend_definition,217,False,False,520,2.87,0.86,meets_target,374,2.69,0.74,meets_target,851,1.56,0.05,below_target
packages/source/main.bend::search_step,bend_definition,221,False,False,1087,2.6,0.61,meets_target,535,2.61,0.7000000000000001,meets_target,400,1.9,0.1717171717171717,below_target
packages/source/main.bend::search,bend_definition,228,False,False,1495,2.27,0.38,below_target,1003,2.35,0.5700000000000001,uncertain,112,2.18,0.31,below_target
packages/source/main.bend::location_read,bend_definition,238,False,False,126,2.99,0.97,meets_target,263,2.74,0.76,meets_target,1098,1.42,0.02,below_target
packages/source/main.bend::locate_read,bend_definition,243,False,False,315,2.93,0.93,meets_target,608,2.57,0.65,meets_target,1043,1.45,0.03,below_target
packages/source/main.bend::location_finish,bend_definition,247,False,False,1391,2.39,0.48,uncertain,1032,2.33,0.52,uncertain,747,1.65,0.08000000000000002,below_target
packages/source/main.bend::locate_searched,bend_definition,254,False,False,1016,2.64,0.67,meets_target,815,2.45,0.55,uncertain,966,1.5,0.05,below_target
packages/source/main.bend::locate_counted,bend_definition,258,False,False,842,2.75,0.7,meets_target,309,2.72,0.77,meets_target,55,2.3,0.4,below_target
packages/source/main.bend::locate_if,bend_definition,262,False,False,1204,2.52,0.5,uncertain,455,2.65,0.73,meets_target,57,2.29,0.39,below_target
packages/source/main.bend::Source.locate,bend_definition,268,False,False,1391,2.39,0.38999999999999996,below_target,493,2.63,0.74,meets_target,31,2.35,0.45,uncertain
packages/source/main.bend::offset_valid,bend_definition,273,False,False,953,2.68,0.8,meets_target,706,2.52,0.6,meets_target,1110,1.41,0.03,below_target
packages/source/main.bend::offset_bound,bend_definition,278,False,False,587,2.85,0.85,meets_target,433,2.66,0.7,meets_target,908,1.53,0.03,below_target
packages/source/main.bend::offset_next,bend_definition,283,False,False,1176,2.55,0.65,meets_target,1568,1.89,0.31,below_target,1082,1.43,0.04,below_target
packages/source/main.bend::offset_line,bend_definition,287,False,False,1476,2.3,0.36000000000000004,below_target,1082,2.3,0.53,uncertain,318,1.96,0.18,below_target
packages/source/main.bend::offset_finish,bend_definition,295,False,False,657,2.83,0.88,meets_target,1415,2.1,0.34,below_target,1491,1.07,0,below_target
packages/source/main.bend::offset_read,bend_definition,299,False,False,943,2.69,0.66,meets_target,608,2.57,0.68,meets_target,481,1.85,0.15,below_target
packages/source/main.bend::offset_counted,bend_definition,303,False,False,1305,2.45,0.46,uncertain,1069,2.31,0.54,uncertain,451,1.87,0.1515151515151515,below_target
packages/source/main.bend::Source.offset,bend_definition,307,False,False,1489,2.28,0.33,below_target,958,2.37,0.59,uncertain,400,1.9,0.1717171717171717,below_target
packages/source/model.bend::get,bend_definition,5,False,False,657,2.83,0.81,meets_target,50,2.89,0.87,meets_target,266,2.01,0.2,below_target
packages/source/model.bend::advance,bend_definition,12,False,False,454,2.89,0.91,meets_target,59,2.88,0.86,meets_target,1098,1.42,0.01,below_target
packages/source/model.bend::locate_go,bend_definition,17,False,False,279,2.94,0.91,meets_target,50,2.89,0.87,meets_target,528,1.82,0.09,below_target
packages/source/model.bend::locate,bend_definition,24,False,False,486,2.88,0.87,meets_target,136,2.82,0.8300000000000001,meets_target,576,1.78,0.08000000000000002,below_target
packages/source/model.bend::slice,bend_definition,27,False,False,53,3.05,0.99,meets_target,359,2.7,0.7,meets_target,1436,1.12,0,below_target
packages/source/model.bend::location_eq,bend_definition,32,False,False,245,2.95,0.96,meets_target,433,2.66,0.71,meets_target,1286,1.27,0.01,below_target
packages/source/model.bend::choose_offset,bend_definition,36,False,False,245,2.95,0.9400000000000001,meets_target,281,2.73,0.74,meets_target,1063,1.44,0.03,below_target
packages/source/model.bend::next,bend_definition,41,False,False,126,2.99,0.98,meets_target,309,2.72,0.72,meets_target,1178,1.37,0.01,below_target
packages/source/model.bend::offset_go,bend_definition,46,False,False,354,2.92,0.86,meets_target,59,2.88,0.86,meets_target,233,2.04,0.21,below_target
packages/source/model.bend::offset,bend_definition,53,False,False,842,2.75,0.73,meets_target,85,2.86,0.86,meets_target,499,1.84,0.1,below_target
packages/source/model.bend::line_count,bend_definition,56,False,False,34,3.07,0.96,meets_target,359,2.7,0.73,meets_target,451,1.87,0.1,below_target
packages/source/observations.bend::error_eq,bend_definition,6,True,False,1719,1.52,0.18,below_target,554,2.6,0.68,meets_target,893,1.54,0.02,below_target
packages/source/observations.bend::chars_eq,bend_definition,16,False,False,990,2.66,0.68,meets_target,281,2.73,0.76,meets_target,835,1.57,0.04,below_target
packages/source/observations.bend::nums_eq,bend_definition,22,False,False,975,2.67,0.69,meets_target,151,2.81,0.8200000000000001,meets_target,783,1.61,0.04,below_target
packages/source/observations.bend::locs_eq,bend_definition,28,False,False,1036,2.63,0.65,meets_target,97,2.85,0.86,meets_target,871,1.55,0.03,below_target
packages/source/observations.bend::texts_eq,bend_definition,34,False,False,943,2.69,0.73,meets_target,151,2.81,0.8200000000000001,meets_target,753,1.64,0.05,below_target
packages/source/observations.bend::cursors_eq,bend_definition,40,False,False,190,2.97,0.97,meets_target,110,2.84,0.8282828282828283,meets_target,1262,1.29,0.01,below_target
packages/source/observations.bend::cursors_result,bend_definition,44,False,False,893,2.72,0.73,meets_target,33,2.92,0.9,meets_target,753,1.64,0.03,below_target
packages/source/observations.bend::maybe_eq,bend_definition,50,False,False,1410,2.37,0.54,uncertain,187,2.78,0.79,meets_target,1169,1.38,0.01,below_target
packages/source/observations.bend::peek_eq,bend_definition,56,False,False,1218,2.51,0.52,uncertain,97,2.85,0.86,meets_target,728,1.67,0.050505050505050504,below_target
packages/source/observations.bend::content_lines,bend_definition,62,False,False,805,2.77,0.87,meets_target,1512,1.99,0.22,below_target,1523,1.03,0,below_target
packages/source/observations.bend::content_length,bend_definition,66,False,False,1467,2.31,0.42,uncertain,1148,2.24,0.48,uncertain,982,1.49,0.03,below_target
packages/source/observations.bend::content_file,bend_definition,70,False,False,1372,2.4,0.46,uncertain,801,2.46,0.59,uncertain,893,1.54,0.05,below_target
packages/source/observations.bend::content,bend_definition,74,False,False,1586,2.1,0.26,below_target,1049,2.32,0.5700000000000001,uncertain,671,1.71,0.09,below_target
packages/source/observations.bend::preserved,bend_definition,78,True,False,1273,2.48,0.53,uncertain,675,2.54,0.67,meets_target,576,1.78,0.13,below_target
packages/source/observations.bend::read_char,bend_definition,81,False,False,1087,2.6,0.64,meets_target,831,2.44,0.6,meets_target,440,1.88,0.2,below_target
packages/source/observations.bend::get_created,bend_definition,85,True,False,1430,2.35,0.44999999999999996,uncertain,801,2.46,0.61,meets_target,202,2.07,0.29000000000000004,below_target
packages/source/observations.bend::get,bend_definition,90,True,False,1360,2.41,0.51,uncertain,1319,2.16,0.42,uncertain,551,1.8,0.21000000000000002,below_target
packages/source/observations.bend::read_location,bend_definition,93,True,False,716,2.81,0.8,meets_target,515,2.62,0.68,meets_target,418,1.89,0.18000000000000002,below_target
packages/source/observations.bend::locate_created,bend_definition,97,True,False,1372,2.4,0.47000000000000003,uncertain,831,2.44,0.6,meets_target,499,1.84,0.18000000000000002,below_target
packages/source/observations.bend::locate,bend_definition,102,True,False,1372,2.4,0.46,uncertain,1236,2.2,0.46,uncertain,656,1.72,0.13,below_target
packages/source/observations.bend::read_offset,bend_definition,105,True,False,520,2.87,0.8400000000000001,meets_target,334,2.71,0.75,meets_target,481,1.85,0.16,below_target
packages/source/observations.bend::offset_created,bend_definition,109,True,False,1254,2.49,0.52,uncertain,633,2.56,0.65,meets_target,610,1.76,0.13,below_target
packages/source/observations.bend::offset,bend_definition,114,True,False,1489,2.28,0.38,below_target,1462,2.04,0.37,below_target,835,1.57,0.09,below_target
packages/source/observations.bend::roundtrip_offset,bend_definition,117,False,False,862,2.74,0.7373737373737373,meets_target,391,2.68,0.73,meets_target,466,1.86,0.17,below_target
packages/source/observations.bend::roundtrip_loc,bend_definition,121,True,False,1430,2.35,0.4,below_target,608,2.57,0.67,meets_target,597,1.77,0.13,below_target
packages/source/observations.bend::roundtrip_pair,bend_definition,126,True,False,1295,2.46,0.51,uncertain,958,2.37,0.5,uncertain,682,1.7,0.13,below_target
packages/source/observations.bend::roundtrip_created,bend_definition,130,True,False,1345,2.42,0.44,uncertain,571,2.59,0.68,meets_target,440,1.88,0.18000000000000002,below_target
packages/source/observations.bend::roundtrip,bend_definition,135,True,False,1454,2.32,0.37,below_target,850,2.43,0.6,meets_target,418,1.89,0.19,below_target
packages/source/observations.bend::extract_read,bend_definition,138,False,False,975,2.67,0.67,meets_target,334,2.71,0.75,meets_target,466,1.86,0.17,below_target
packages/source/observations.bend::extract_created,bend_definition,142,True,False,1430,2.35,0.42000000000000004,uncertain,801,2.46,0.61,meets_target,646,1.73,0.14,below_target
packages/source/observations.bend::extract,bend_definition,147,True,False,1489,2.28,0.35000000000000003,below_target,1082,2.3,0.52,uncertain,682,1.7,0.14,below_target
packages/source/observations.bend::span_extracted,bend_definition,150,True,False,1538,2.22,0.36000000000000004,below_target,784,2.47,0.62,meets_target,597,1.77,0.13,below_target
packages/source/observations.bend::span_pair,bend_definition,155,True,False,1482,2.29,0.39,below_target,910,2.4,0.5700000000000001,uncertain,656,1.72,0.12,below_target
packages/source/observations.bend::span_created,bend_definition,159,True,False,1254,2.49,0.53,uncertain,586,2.58,0.66,meets_target,514,1.83,0.17,below_target
packages/source/observations.bend::span,bend_definition,164,True,False,1504,2.26,0.36000000000000004,below_target,1236,2.2,0.48,uncertain,610,1.76,0.16,below_target
packages/source/observations.bend::cursor_read,bend_definition,167,False,False,990,2.66,0.67,meets_target,586,2.58,0.67,meets_target,597,1.77,0.15000000000000002,below_target
packages/source/observations.bend::cursor_created,bend_definition,171,True,False,1454,2.32,0.38,below_target,654,2.55,0.67,meets_target,499,1.84,0.16,below_target
packages/source/observations.bend::cursor,bend_definition,176,True,False,1283,2.47,0.53,uncertain,1135,2.25,0.47000000000000003,uncertain,871,1.55,0.1,below_target
packages/source/observations.bend::restore_created,bend_definition,179,True,False,1467,2.31,0.39,below_target,815,2.45,0.62,meets_target,499,1.84,0.16,below_target
packages/source/observations.bend::restore,bend_definition,184,True,False,1318,2.44,0.5,uncertain,1167,2.23,0.47,uncertain,753,1.64,0.1,below_target
packages/source/observations.bend::peek_read,bend_definition,187,False,False,1372,2.4,0.49,uncertain,815,2.45,0.6,meets_target,440,1.88,0.18000000000000002,below_target
packages/source/observations.bend::peek_created,bend_definition,191,True,False,1495,2.27,0.35000000000000003,below_target,765,2.48,0.64,meets_target,400,1.9,0.19,below_target
packages/source/observations.bend::peek,bend_definition,196,True,False,1489,2.28,0.39,below_target,1415,2.1,0.43,uncertain,704,1.69,0.14,below_target
packages/source/observations.bend::bumped_check,bend_definition,199,True,False,1204,2.52,0.55,uncertain,675,2.54,0.66,meets_target,576,1.78,0.14,below_target
packages/source/observations.bend::bump_pair,bend_definition,205,True,False,1136,2.57,0.6,meets_target,675,2.54,0.64,meets_target,623,1.75,0.13,below_target
packages/source/observations.bend::bump_created,bend_definition,209,True,False,1410,2.37,0.4,below_target,493,2.63,0.72,meets_target,266,2.01,0.23,below_target
packages/source/observations.bend::bump,bend_definition,214,True,False,1454,2.32,0.4,below_target,1187,2.22,0.47,uncertain,753,1.64,0.11,below_target
packages/source/observations.bend::rejected,bend_definition,217,False,False,454,2.89,0.91,meets_target,765,2.48,0.55,uncertain,1121,1.4,0.03,below_target
packages/source/observations.bend::built_content,bend_definition,222,False,False,1603,2.07,0.24000000000000002,below_target,1148,2.24,0.52,uncertain,610,1.76,0.12,below_target
packages/source/observations.bend::preserved_new,bend_definition,227,True,False,1195,2.53,0.5800000000000001,uncertain,1032,2.33,0.52,uncertain,933,1.52,0.08,below_target
packages/source/observations.bend::metadata_line,bend_definition,230,False,False,1504,2.26,0.38,below_target,979,2.36,0.56,uncertain,565,1.79,0.15000000000000002,below_target
packages/source/observations.bend::metadata_len,bend_definition,234,False,False,1659,1.83,0.18000000000000002,below_target,1482,2.02,0.41000000000000003,uncertain,728,1.67,0.10000000000000002,below_target
packages/source/observations.bend::metadata_file,bend_definition,238,False,False,1619,2.03,0.26,below_target,1187,2.22,0.52,uncertain,499,1.84,0.15000000000000002,below_target
packages/source/observations.bend::metadata_created,bend_definition,242,False,False,1631,1.99,0.24,below_target,1121,2.26,0.54,uncertain,418,1.89,0.19,below_target
packages/source/observations.bend::metadata,bend_definition,247,True,False,1504,2.26,0.37,below_target,1202,2.21,0.48,uncertain,791,1.6,0.08,below_target
packages/source/observations.bend::span_error,bend_definition,250,False,False,657,2.83,0.9,meets_target,1113,2.27,0.38,below_target,1319,1.24,0.01,below_target
packages/source/observations.bend::bad_span,bend_definition,255,False,False,1425,2.36,0.49,uncertain,1319,2.16,0.43,uncertain,982,1.49,0.07,below_target
packages/source/observations.bend::span_reject_created,bend_definition,259,True,False,1531,2.23,0.4,below_target,1016,2.34,0.55,uncertain,538,1.81,0.17,below_target
packages/source/observations.bend::span_reject,bend_definition,264,True,False,1318,2.44,0.53,uncertain,1406,2.11,0.4,below_target,948,1.51,0.09,below_target
packages/source/observations.bend::bump_error,bend_definition,267,False,False,212,2.96,0.96,meets_target,493,2.63,0.66,meets_target,1063,1.44,0.04,below_target
packages/source/observations.bend::bump_bad_read,bend_definition,272,False,False,1283,2.47,0.54,uncertain,850,2.43,0.59,uncertain,623,1.75,0.14,below_target
packages/source/observations.bend::bump_bad_created,bend_definition,276,True,False,1543,2.2,0.31,below_target,979,2.36,0.56,uncertain,682,1.7,0.12,below_target
packages/source/observations.bend::bump_bad,bend_definition,281,True,False,1598,2.08,0.34,below_target,1593,1.85,0.31,below_target,1178,1.37,0.06,below_target
packages/source/proof_observations.bend::text_pair,bend_definition,5,False,False,741,2.8,0.87,meets_target,1135,2.25,0.38,below_target,1416,1.14,0.01,below_target
packages/source/proof_observations.bend::text,bend_definition,9,False,False,1360,2.41,0.52,uncertain,1236,2.2,0.4,below_target,1000,1.48,0.05,below_target
packages/source/proof_observations.bend::file_pair,bend_definition,14,False,False,622,2.84,0.88,meets_target,1032,2.33,0.46,uncertain,1169,1.38,0.03,below_target
packages/source/proof_observations.bend::file,bend_definition,18,False,False,790,2.78,0.81,meets_target,979,2.36,0.48,uncertain,1253,1.3,0.02,below_target
packages/source/proof_observations.bend::length,bend_definition,23,False,False,825,2.76,0.8,meets_target,958,2.37,0.52,uncertain,1043,1.45,0.04,below_target
packages/source/proof_observations.bend::lines,bend_definition,28,False,False,1391,2.39,0.56,uncertain,1462,2.04,0.37,below_target,1140,1.39,0.03,below_target
packages/source/proof_observations.bend::scalar_pair,bend_definition,33,False,False,716,2.81,0.89,meets_target,1495,2.01,0.25,below_target,1480,1.08,0,below_target
packages/source/proof_observations.bend::size,bend_definition,37,False,False,1111,2.59,0.73,meets_target,1482,2.02,0.3,below_target,1319,1.24,0.02,below_target
packages/source/proof_observations.bend::identity,bend_definition,40,False,False,1087,2.6,0.74,meets_target,1495,2.01,0.33,below_target,1384,1.17,0.01,below_target
packages/source/release.bend::main,bend_definition,8,True,False,1513,2.25,0.32999999999999996,below_target,1482,2.02,0.44,uncertain,638,1.74,0.18000000000000002,below_target
packages/source/tests/invalid_scalars.bend::main,bend_definition,8,False,False,1234,2.5,0.66,meets_target,1003,2.35,0.5800000000000001,uncertain,499,1.84,0.26,below_target
packages/source/tests/remote_consumer.bend::read,bend_definition,7,False,False,893,2.72,0.83,meets_target,1187,2.22,0.39,below_target,1237,1.32,0.03,below_target
packages/source/tests/remote_consumer.bend::extracted,bend_definition,12,False,False,1154,2.56,0.7,meets_target,1566,1.9,0.21,below_target,1350,1.21,0.02,below_target
packages/source/tests/remote_consumer.bend::built,bend_definition,16,False,False,1543,2.2,0.4,below_target,1438,2.07,0.37,below_target,1015,1.47,0.06,below_target
packages/source/tests/remote_consumer.bend::main,bend_definition,21,False,False,1305,2.45,0.56,uncertain,1473,2.03,0.4,below_target,851,1.56,0.12,below_target
packages/source/types.bend::Error,bend_datatype,3,False,False,1719,1.52,0.23,below_target,958,2.37,0.42,uncertain,1253,1.3,0.02,below_target
packages/source/types.bend::Cursor,bend_datatype,11,False,False,1204,2.52,0.67,meets_target,1415,2.1,0.23,below_target,1523,1.03,0,below_target
packages/source/types.bend::Span,bend_datatype,14,False,False,1254,2.49,0.65,meets_target,1289,2.18,0.25,below_target,1514,1.04,0,below_target
packages/source/types.bend::Location,bend_datatype,17,False,False,1053,2.62,0.75,meets_target,1202,2.21,0.31,below_target,1429,1.13,0,below_target
packages/symbols/LAWS.bend::first,bend_law,9,True,False,587,2.85,0.76,meets_target,151,2.81,0.8200000000000001,meets_target,13,2.44,0.51,uncertain
packages/symbols/LAWS.bend::zero_limit,bend_law,14,True,False,943,2.69,0.68,meets_target,765,2.48,0.6399999999999999,meets_target,84,2.22,0.38,below_target
packages/symbols/LAWS.bend::empty_find,bend_law,19,True,False,1036,2.63,0.6399999999999999,meets_target,723,2.51,0.63,meets_target,765,1.63,0.11,below_target
packages/symbols/LAWS.bend::repeat_preserves,bend_law,24,True,False,1154,2.56,0.5900000000000001,uncertain,910,2.4,0.56,uncertain,704,1.69,0.14,below_target
packages/symbols/LAWS.bend::full_preserves,bend_law,26,True,False,877,2.73,0.69,meets_target,359,2.7,0.7300000000000001,meets_target,528,1.82,0.18000000000000002,below_target
packages/symbols/LAWS.bend::unicode_exact,bend_law,28,True,False,825,2.76,0.74,meets_target,742,2.5,0.62,meets_target,623,1.75,0.18000000000000002,below_target
packages/symbols/LAWS.bend::default_limit,bend_law,30,True,False,1124,2.58,0.62,meets_target,910,2.4,0.62,meets_target,161,2.11,0.37,below_target
packages/symbols/LAWS.bend::clamp_limit,bend_law,33,True,False,1338,2.43,0.47,uncertain,1202,2.21,0.5,uncertain,791,1.6,0.14,below_target
packages/symbols/PROOF.bend::L.first,bend_law_fill,4,False,False,1792,0.72,0.16,below_target,1816,0.87,0.15000000000000002,below_target,1811,0.56,0.05,below_target
packages/symbols/PROOF.bend::L.zero_limit,bend_law_fill,5,False,False,1812,0.51,0.11,below_target,1827,0.72,0.12121212121212122,below_target,1799,0.61,0.06,below_target
packages/symbols/PROOF.bend::L.empty_find,bend_law_fill,6,False,False,1842,0.3,0.05,below_target,1860,0.41,0.03,below_target,1859,0.17,0,below_target
packages/symbols/PROOF.bend::L.repeat_preserves,bend_law_fill,7,False,False,1840,0.31,0.060000000000000005,below_target,1820,0.83,0.1,below_target,1846,0.24,0,below_target
packages/symbols/PROOF.bend::L.full_preserves,bend_law_fill,8,False,False,1848,0.28,0.06,below_target,1829,0.71,0.09,below_target,1846,0.24,0.01,below_target
packages/symbols/PROOF.bend::L.unicode_exact,bend_law_fill,9,False,False,1837,0.33,0.07,below_target,1834,0.62,0.05,below_target,1842,0.26,0,below_target
packages/symbols/PROOF.bend::L.default_limit,bend_law_fill,10,False,False,1832,0.4,0.06999999999999999,below_target,1830,0.7,0.12,below_target,1826,0.39,0.04,below_target
packages/symbols/PROOF.bend::L.clamp_limit,bend_law_fill,11,False,False,1867,0.22,0.03,below_target,1879,0.3,0.020000000000000004,below_target,1877,0.11,0,below_target
packages/symbols/PROOF.bend::main,bend_definition,13,False,False,1789,0.75,0.13,below_target,1841,0.58,0,below_target,1831,0.35,0,below_target
packages/symbols/benchmark.bend::prefix,bend_definition,5,False,False,1234,2.5,0.63,meets_target,1612,1.81,0.33,below_target,823,1.58,0.12000000000000001,below_target
packages/symbols/benchmark.bend::name,bend_definition,10,False,False,126,2.99,0.98,meets_target,1202,2.21,0.27,below_target,1497,1.06,0,below_target
packages/symbols/benchmark.bend::id_error,bend_definition,13,False,False,354,2.92,0.93,meets_target,475,2.64,0.68,meets_target,851,1.56,0.04,below_target
packages/symbols/benchmark.bend::name_error,bend_definition,18,False,False,279,2.94,0.9500000000000001,meets_target,571,2.59,0.64,meets_target,1178,1.37,0.02,below_target
packages/symbols/benchmark.bend::inserted,bend_definition,23,False,False,315,2.93,0.92,meets_target,633,2.56,0.62,meets_target,623,1.75,0.10999999999999997,below_target
packages/symbols/benchmark.bend::fill,bend_definition,28,False,False,1036,2.63,0.6100000000000001,meets_target,927,2.39,0.58,uncertain,193,2.08,0.29000000000000004,below_target
packages/symbols/benchmark.bend::after_resolve,bend_definition,34,False,False,354,2.92,0.93,meets_target,515,2.62,0.66,meets_target,823,1.58,0.06,below_target
packages/symbols/benchmark.bend::after_repeat,bend_definition,39,False,False,790,2.78,0.78,meets_target,455,2.65,0.73,meets_target,528,1.82,0.12000000000000001,below_target
packages/symbols/benchmark.bend::verify,bend_definition,44,False,False,953,2.68,0.6499999999999999,meets_target,654,2.55,0.67,meets_target,77,2.23,0.37,below_target
packages/symbols/benchmark.bend::populate,bend_definition,50,False,False,953,2.68,0.65,meets_target,535,2.61,0.6900000000000001,meets_target,299,1.98,0.21,below_target
packages/symbols/benchmark.bend::workload,bend_definition,57,False,False,1295,2.46,0.46,uncertain,687,2.53,0.67,meets_target,23,2.38,0.47,uncertain
packages/symbols/benchmark.bend::repeated,bend_definition,60,False,False,1476,2.3,0.45999999999999996,uncertain,1016,2.34,0.53,uncertain,125,2.16,0.38999999999999996,below_target
packages/symbols/cases.bend::check,bend_definition,7,True,False,42,3.06,0.96,meets_target,43,2.9,0.8500000000000001,meets_target,597,1.77,0.14,below_target
packages/symbols/cases.bend::repeat,bend_definition,10,False,False,1766,0.96,0.1,below_target,1495,2.01,0.33,below_target,933,1.52,0.07,below_target
packages/symbols/cases.bend::full,bend_definition,13,False,False,1714,1.55,0.3,below_target,1366,2.14,0.37,below_target,671,1.71,0.11,below_target
packages/symbols/cases.bend::unicode,bend_definition,16,False,False,1753,1.16,0.14,below_target,1574,1.88,0.33,below_target,384,1.91,0.19,below_target
packages/symbols/cases.bend::growth,bend_definition,19,False,False,1667,1.77,0.31999999999999995,below_target,1642,1.75,0.28,below_target,791,1.6,0.11000000000000001,below_target
packages/symbols/cases.bend::all_cases,bend_definition,24,True,False,1305,2.45,0.55,uncertain,1148,2.24,0.51,uncertain,514,1.83,0.17,below_target
packages/symbols/cases.bend::alphabet,bend_definition,27,False,False,1776,0.9,0.1,below_target,1032,2.33,0.53,uncertain,528,1.82,0.12,below_target
packages/symbols/cases.bend::enumerate,bend_definition,30,True,False,1772,0.92,0.04,below_target,1669,1.67,0.30000000000000004,below_target,161,2.11,0.37,below_target
packages/symbols/cases.bend::exhaustive,bend_definition,36,True,False,1656,1.84,0.31,below_target,1687,1.6,0.30000000000000004,below_target,338,1.95,0.32,below_target
packages/symbols/conformance.bend::main,bend_definition,4,True,False,1036,2.63,0.6,meets_target,784,2.47,0.62,meets_target,57,2.29,0.45999999999999996,uncertain
packages/symbols/example.bend::resolved,bend_definition,5,False,False,354,2.92,0.93,meets_target,515,2.62,0.66,meets_target,823,1.58,0.07,below_target
packages/symbols/example.bend::interned,bend_definition,11,False,False,1345,2.42,0.51,uncertain,927,2.39,0.5700000000000001,uncertain,682,1.7,0.09,below_target
packages/symbols/example.bend::main,bend_definition,17,False,False,1124,2.58,0.5700000000000001,uncertain,633,2.56,0.6900000000000001,meets_target,254,2.02,0.29000000000000004,below_target
packages/symbols/main.bend::Error,bend_datatype,4,True,False,1345,2.42,0.55,uncertain,1304,2.17,0.4,below_target,851,1.56,0.06,below_target
packages/symbols/main.bend::Table,bend_datatype,8,True,False,1003,2.65,0.6900000000000001,meets_target,1003,2.35,0.47,uncertain,1015,1.47,0.04,below_target
packages/symbols/main.bend::Table.bounded,bend_definition,11,False,False,245,2.95,0.9500000000000001,meets_target,586,2.58,0.6,meets_target,1178,1.37,0.02,below_target
packages/symbols/main.bend::Table.new,bend_definition,14,False,False,425,2.9,0.91,meets_target,979,2.36,0.45,uncertain,1366,1.19,0.02,below_target
packages/symbols/main.bend::metadata,bend_definition,17,False,False,315,2.93,0.9,meets_target,979,2.36,0.55,uncertain,1082,1.43,0.05,below_target
packages/symbols/main.bend::Table.length,bend_definition,21,False,False,354,2.92,0.91,meets_target,1236,2.2,0.44,uncertain,1225,1.33,0.03,below_target
packages/symbols/main.bend::Table.limit,bend_definition,26,False,False,354,2.92,0.92,meets_target,1003,2.35,0.49,uncertain,1207,1.35,0.03,below_target
packages/symbols/main.bend::found,bend_definition,31,False,False,315,2.93,0.93,meets_target,784,2.47,0.59,uncertain,1286,1.27,0.03,below_target
packages/symbols/main.bend::Table.find,bend_definition,35,False,False,990,2.66,0.75,meets_target,1597,1.84,0.32,below_target,1225,1.33,0.04,below_target
packages/symbols/main.bend::inserted,bend_definition,40,False,False,657,2.83,0.86,meets_target,633,2.56,0.64,meets_target,1063,1.44,0.03,below_target
packages/symbols/main.bend::append_name,bend_definition,49,False,False,454,2.89,0.9,meets_target,784,2.47,0.58,uncertain,809,1.59,0.07,below_target
packages/symbols/main.bend::intern_found,bend_definition,54,False,False,893,2.72,0.72,meets_target,723,2.51,0.63,meets_target,576,1.78,0.12,below_target
packages/symbols/main.bend::Table.intern,bend_definition,63,False,False,1154,2.56,0.56,uncertain,654,2.55,0.68,meets_target,418,1.89,0.17,below_target
packages/symbols/main.bend::resolved,bend_definition,68,False,False,1318,2.44,0.63,meets_target,1032,2.33,0.51,uncertain,1225,1.33,0.02,below_target
packages/symbols/main.bend::Table.resolve,bend_definition,76,False,False,1087,2.6,0.71,meets_target,1632,1.77,0.3,below_target,1082,1.43,0.04,below_target
packages/symbols/model.bend::Model,bend_datatype,5,True,False,805,2.77,0.77,meets_target,374,2.69,0.73,meets_target,466,1.86,0.13,below_target
packages/symbols/model.bend::length,bend_definition,8,False,False,111,3,0.95,meets_target,334,2.71,0.72,meets_target,1310,1.25,0.01,below_target
packages/symbols/model.bend::search_step,bend_definition,13,False,False,764,2.79,0.85,meets_target,209,2.77,0.77,meets_target,1140,1.39,0.02,below_target
packages/symbols/model.bend::search,bend_definition,18,False,False,393,2.91,0.9,meets_target,174,2.79,0.8,meets_target,704,1.69,0.07,below_target
packages/symbols/model.bend::append,bend_definition,23,False,False,28,3.09,0.98,meets_target,151,2.81,0.81,meets_target,1191,1.36,0.02,below_target
packages/symbols/model.bend::at,bend_definition,28,False,False,190,2.97,0.9299999999999999,meets_target,187,2.78,0.8,meets_target,893,1.54,0.03,below_target
packages/symbols/model.bend::find_reply,bend_definition,34,False,False,111,3,0.9700000000000001,meets_target,263,2.74,0.75,meets_target,1286,1.27,0.01,below_target
packages/symbols/model.bend::insert_if,bend_definition,39,False,False,520,2.87,0.89,meets_target,374,2.69,0.72,meets_target,1015,1.47,0.02,below_target
packages/symbols/model.bend::insert_found,bend_definition,44,False,False,764,2.79,0.8,meets_target,654,2.55,0.65,meets_target,728,1.67,0.06,below_target
packages/symbols/model.bend::step,bend_definition,49,False,False,1204,2.52,0.53,uncertain,136,2.82,0.83,meets_target,359,1.93,0.14,below_target
packages/symbols/model.bend::trace_next,bend_definition,59,False,False,622,2.84,0.88,meets_target,943,2.38,0.5700000000000001,uncertain,671,1.71,0.08,below_target
packages/symbols/model.bend::trace,bend_definition,65,False,False,975,2.67,0.66,meets_target,415,2.67,0.74,meets_target,310,1.97,0.18,below_target
packages/symbols/model.bend::run,bend_definition,70,False,False,520,2.87,0.79,meets_target,229,2.76,0.78,meets_target,202,2.07,0.26,below_target
packages/symbols/observe.bend::error_reply,bend_definition,5,False,False,696,2.82,0.87,meets_target,187,2.78,0.79,meets_target,1033,1.46,0.03,below_target
packages/symbols/observe.bend::intern_reply,bend_definition,10,False,False,315,2.93,0.93,meets_target,136,2.82,0.8300000000000001,meets_target,809,1.59,0.03,below_target
packages/symbols/observe.bend::resolve_reply,bend_definition,16,False,False,425,2.9,0.91,meets_target,110,2.84,0.84,meets_target,823,1.58,0.03,below_target
packages/symbols/observe.bend::find_reply,bend_definition,22,False,False,162,2.98,0.96,meets_target,59,2.88,0.87,meets_target,933,1.52,0.03,below_target
packages/symbols/observe.bend::number_reply,bend_definition,28,False,False,162,2.98,0.98,meets_target,263,2.74,0.75,meets_target,1333,1.23,0.01,below_target
packages/symbols/observe.bend::step,bend_definition,32,False,False,1154,2.56,0.5700000000000001,uncertain,15,2.96,0.93,meets_target,102,2.19,0.28,below_target
packages/symbols/observe.bend::collect_join,bend_definition,40,False,False,212,2.96,0.97,meets_target,571,2.59,0.63,meets_target,1253,1.3,0.02,below_target
packages/symbols/observe.bend::collect_next,bend_definition,44,False,False,393,2.91,0.91,meets_target,281,2.73,0.76,meets_target,738,1.66,0.050505050505050504,below_target
packages/symbols/observe.bend::collect,bend_definition,50,False,False,913,2.71,0.6900000000000001,meets_target,433,2.66,0.72,meets_target,254,2.02,0.2,below_target
packages/symbols/observe.bend::observed,bend_definition,55,False,False,315,2.93,0.9400000000000001,meets_target,815,2.45,0.51,uncertain,1340,1.22,0.01,below_target
packages/symbols/observe.bend::with_limit,bend_definition,59,False,False,657,2.83,0.8200000000000001,meets_target,831,2.44,0.55,uncertain,671,1.71,0.1,below_target
packages/symbols/observe.bend::with_length,bend_definition,63,False,False,393,2.91,0.9,meets_target,633,2.56,0.62,meets_target,933,1.52,0.05,below_target
packages/symbols/observe.bend::snapshot,bend_definition,67,False,False,354,2.92,0.8600000000000001,meets_target,433,2.66,0.6900000000000001,meets_target,440,1.88,0.19,below_target
packages/symbols/observe.bend::trace_next,bend_definition,71,False,False,212,2.96,0.9595959595959596,meets_target,608,2.57,0.64,meets_target,1015,1.47,0.04,below_target
packages/symbols/observe.bend::trace,bend_definition,75,True,False,877,2.73,0.7000000000000001,meets_target,59,2.88,0.87,meets_target,84,2.22,0.33,below_target
packages/symbols/observe.bend::run,bend_definition,80,True,False,805,2.77,0.73,meets_target,309,2.72,0.76,meets_target,112,2.18,0.33,below_target
packages/symbols/protocol.bend::Command,bend_datatype,3,False,False,1403,2.38,0.5,uncertain,870,2.42,0.49,uncertain,893,1.54,0.05,below_target
packages/symbols/protocol.bend::Reply,bend_datatype,10,False,False,1636,1.97,0.34,below_target,281,2.73,0.76,meets_target,791,1.6,0.03,below_target
packages/symbols/protocol.bend::Observation,bend_datatype,18,False,False,1184,2.54,0.6,meets_target,958,2.37,0.54,uncertain,1082,1.43,0.03,below_target
packages/symbols/protocol.bend::reply_eq,bend_definition,21,False,False,1705,1.6,0.14,below_target,151,2.81,0.8200000000000001,meets_target,851,1.56,0.01,below_target
packages/symbols/protocol.bend::names_eq,bend_definition,31,False,False,425,2.9,0.89,meets_target,43,2.9,0.88,meets_target,1063,1.44,0.02,below_target
packages/symbols/protocol.bend::observation_eq,bend_definition,37,False,False,825,2.76,0.75,meets_target,281,2.73,0.77,meets_target,851,1.56,0.03,below_target
packages/symbols/protocol.bend::trace_eq,bend_definition,42,False,False,622,2.84,0.8,meets_target,25,2.93,0.9,meets_target,835,1.57,0.03,below_target
packages/symbols/release.bend::main,bend_definition,7,False,False,1338,2.43,0.44999999999999996,uncertain,1082,2.3,0.5800000000000001,uncertain,254,2.02,0.27,below_target
packages/symbols/tests/remote_consumer.bend::resolved,bend_definition,6,False,False,315,2.93,0.9400000000000001,meets_target,334,2.71,0.74,meets_target,777,1.62,0.08,below_target
packages/symbols/tests/remote_consumer.bend::interned,bend_definition,12,False,False,893,2.72,0.76,meets_target,433,2.66,0.71,meets_target,908,1.53,0.04,below_target
packages/symbols/tests/remote_consumer.bend::main,bend_definition,18,False,False,696,2.82,0.8,meets_target,554,2.6,0.65,meets_target,610,1.76,0.15,below_target
packages/term_store/LAWS.bend::transition_refinement,bend_law,10,False,False,1234,2.5,0.53,uncertain,309,2.72,0.77,meets_target,99,2.2,0.34,below_target
packages/term_store/LAWS.bend::pending_is_incomplete,bend_law,17,False,False,1154,2.56,0.72,meets_target,1366,2.14,0.44,uncertain,982,1.49,0.08,below_target
packages/term_store/LAWS.bend::evaluating_is_incomplete,bend_law,22,False,False,1442,2.34,0.61,meets_target,1518,1.98,0.37,below_target,1063,1.44,0.07999999999999999,below_target
packages/term_store/LAWS.bend::success_is_exact,bend_law,27,False,False,1036,2.63,0.75,meets_target,1135,2.25,0.51,uncertain,871,1.55,0.11,below_target
packages/term_store/LAWS.bend::failure_is_exact,bend_law,33,False,False,893,2.72,0.8,meets_target,958,2.37,0.5700000000000001,uncertain,933,1.52,0.08,below_target
packages/term_store/LAWS.bend::appended_lookup,bend_law,40,False,False,162,2.98,0.8484848484848485,meets_target,76,2.87,0.8300000000000001,meets_target,266,2.01,0.22000000000000003,below_target
packages/term_store/LAWS.bend::store_trace,bend_law,47,True,False,1467,2.31,0.36000000000000004,below_target,1378,2.13,0.45,uncertain,656,1.72,0.15,below_target
packages/term_store/LAWS.bend::zero_limit,bend_law,50,True,False,1476,2.3,0.41,uncertain,1473,2.03,0.4,below_target,791,1.6,0.15000000000000002,below_target
packages/term_store/LAWS.bend::generic_growth_write,bend_law,55,True,False,1656,1.84,0.24,below_target,1597,1.84,0.37,below_target,173,2.1,0.34,below_target
packages/term_store/LAWS.bend::memo_trace,bend_law,63,True,False,1547,2.19,0.30000000000000004,below_target,1618,1.8,0.35000000000000003,below_target,576,1.78,0.22,below_target
packages/term_store/LAWS.bend::lifetime_separation,bend_law,66,True,False,1558,2.18,0.31,below_target,1148,2.24,0.55,uncertain,202,2.07,0.3,below_target
packages/term_store/LAWS.bend::exhaustion_never_wraps,bend_law,69,True,False,1611,2.05,0.29,below_target,1445,2.06,0.46,uncertain,466,1.86,0.22,below_target
packages/term_store/LAWS.bend::limit_clamped,bend_law,72,True,False,1586,2.1,0.33999999999999997,below_target,1597,1.84,0.34,below_target,1140,1.39,0.09090909090909091,below_target
packages/term_store/LAWS.bend::zero_store_consumes_scope,bend_law,75,True,False,1575,2.14,0.29292929292929293,below_target,979,2.36,0.59,uncertain,280,2,0.25,below_target
packages/term_store/PROOF.bend::L.transition_refinement,bend_law_fill,6,False,False,1867,0.22,0.02,below_target,1703,1.55,0.17,below_target,1262,1.29,0.02,below_target
packages/term_store/PROOF.bend::L.pending_is_incomplete,bend_law_fill,33,False,False,1880,0.18,0.03,below_target,1870,0.36,0.03,below_target,1864,0.14,0,below_target
packages/term_store/PROOF.bend::L.evaluating_is_incomplete,bend_law_fill,34,False,False,1887,0.14,0.02,below_target,1883,0.29,0.03,below_target,1867,0.13,0,below_target
packages/term_store/PROOF.bend::L.success_is_exact,bend_law_fill,35,False,False,1827,0.41,0.10000000000000002,below_target,1830,0.7,0.11,below_target,1839,0.27,0.01,below_target
packages/term_store/PROOF.bend::L.failure_is_exact,bend_law_fill,36,False,False,1824,0.44,0.101010101010101,below_target,1827,0.72,0.11,below_target,1829,0.37,0.01,below_target
packages/term_store/PROOF.bend::L.appended_lookup,bend_law_fill,38,False,False,1740,1.37,0.2,below_target,1804,0.96,0.09,below_target,1598,0.93,0,below_target
packages/term_store/PROOF.bend::L.store_trace,bend_law_fill,43,False,False,1867,0.22,0.03,below_target,1864,0.39,0.02,below_target,1878,0.1,0,below_target
packages/term_store/PROOF.bend::L.zero_limit,bend_law_fill,44,False,False,1857,0.26,0.04,below_target,1875,0.33,0.01,below_target,1878,0.1,0,below_target
packages/term_store/PROOF.bend::L.generic_growth_write,bend_law_fill,46,False,False,1860,0.25,0.05,below_target,1842,0.55,0.0404040404040404,below_target,1832,0.33,0,below_target
packages/term_store/PROOF.bend::L.memo_trace,bend_law_fill,47,False,False,1860,0.25,0.04,below_target,1873,0.34,0.02,below_target,1882,0.09,0,below_target
packages/term_store/PROOF.bend::L.lifetime_separation,bend_law_fill,48,False,False,1882,0.17,0.02,below_target,1852,0.46,0.01,below_target,1886,0.06,0,below_target
packages/term_store/PROOF.bend::L.exhaustion_never_wraps,bend_law_fill,49,False,False,1848,0.28,0.060000000000000005,below_target,1837,0.6,0.04,below_target,1856,0.19,0.01,below_target
packages/term_store/PROOF.bend::L.limit_clamped,bend_law_fill,50,False,False,1848,0.28,0.04,below_target,1871,0.35,0.01,below_target,1871,0.12,0,below_target
packages/term_store/PROOF.bend::L.zero_store_consumes_scope,bend_law_fill,52,False,False,1876,0.19,0.03,below_target,1837,0.6,0.04,below_target,1857,0.18,0,below_target
packages/term_store/benchmark.bend::allocated,bend_definition,5,False,False,279,2.94,0.9400000000000001,meets_target,334,2.71,0.73,meets_target,835,1.57,0.06,below_target
packages/term_store/benchmark.bend::push,bend_definition,9,False,False,790,2.78,0.79,meets_target,723,2.51,0.63,meets_target,499,1.84,0.18000000000000002,below_target
packages/term_store/benchmark.bend::fill,bend_definition,13,False,False,190,2.97,0.9,meets_target,433,2.66,0.7000000000000001,meets_target,610,1.76,0.12,below_target
packages/term_store/benchmark.bend::observed,bend_definition,18,False,False,245,2.95,0.9500000000000001,meets_target,391,2.68,0.7,meets_target,1098,1.42,0.03,below_target
packages/term_store/benchmark.bend::read,bend_definition,22,False,False,790,2.78,0.79,meets_target,958,2.37,0.5454545454545455,uncertain,538,1.81,0.16,below_target
packages/term_store/benchmark.bend::scan,bend_definition,26,False,False,953,2.68,0.7100000000000001,meets_target,850,2.43,0.56,uncertain,514,1.83,0.15,below_target
packages/term_store/benchmark.bend::done,bend_definition,31,False,False,212,2.96,0.97,meets_target,1148,2.24,0.32,below_target,1523,1.03,0,below_target
packages/term_store/benchmark.bend::started,bend_definition,35,True,False,1218,2.51,0.49,uncertain,608,2.57,0.68,meets_target,61,2.28,0.39,below_target
packages/term_store/benchmark.bend::created,bend_definition,40,True,False,1254,2.49,0.49000000000000005,uncertain,1261,2.19,0.45,uncertain,348,1.94,0.25,below_target
packages/term_store/benchmark.bend::run,bend_definition,44,True,False,1372,2.4,0.43,uncertain,1049,2.32,0.54,uncertain,310,1.97,0.27,below_target
packages/term_store/benchmark.bend::report,bend_definition,47,False,False,764,2.79,0.86,meets_target,1032,2.33,0.37,below_target,1457,1.1,0,below_target
packages/term_store/benchmark.bend::parsed,bend_definition,52,True,False,1448,2.33,0.41000000000000003,uncertain,1049,2.32,0.45,uncertain,646,1.73,0.15000000000000002,below_target
packages/term_store/benchmark.bend::args,bend_definition,57,True,False,1482,2.29,0.43,uncertain,1560,1.91,0.26,below_target,738,1.66,0.14,below_target
packages/term_store/benchmark.bend::main,bend_definition,62,True,False,1531,2.23,0.34,below_target,910,2.4,0.56,uncertain,576,1.78,0.15,below_target
packages/term_store/checks.bend::error_code,bend_definition,5,False,False,1664,1.78,0.35,below_target,535,2.61,0.63,meets_target,1262,1.29,0,below_target
packages/term_store/checks.bend::error_eq,bend_definition,14,False,False,126,2.99,0.98,meets_target,415,2.67,0.68,meets_target,1350,1.21,0.01,below_target
packages/term_store/checks.bend::id_eq,bend_definition,17,False,False,842,2.75,0.81,meets_target,608,2.57,0.64,meets_target,1340,1.22,0,below_target
packages/term_store/checks.bend::unit_eq,bend_definition,24,False,False,1592,2.09,0.3,below_target,571,2.59,0.67,meets_target,1242,1.31,0.01,below_target
packages/term_store/checks.bend::value_eq,bend_definition,35,False,False,1448,2.33,0.41,uncertain,334,2.71,0.74,meets_target,1140,1.39,0.01,below_target
packages/term_store/checks.bend::alloc_eq,bend_definition,46,False,False,1442,2.34,0.38,below_target,151,2.81,0.8300000000000001,meets_target,1000,1.48,0.02,below_target
packages/term_store/checks.bend::values_eq,bend_definition,57,False,False,1072,2.61,0.65,meets_target,742,2.5,0.6,meets_target,1207,1.35,0.01,below_target
packages/term_store/checks.bend::snapshot_check,bend_definition,69,False,False,190,2.97,0.9500000000000001,meets_target,535,2.61,0.66,meets_target,933,1.52,0.05,below_target
packages/term_store/checks.bend::same_state,bend_definition,75,False,False,279,2.94,0.92,meets_target,391,2.68,0.71,meets_target,908,1.53,0.05,below_target
packages/term_store/checks.bend::Op,bend_datatype,78,True,False,1154,2.56,0.59,uncertain,209,2.77,0.8,meets_target,193,2.08,0.21,below_target
packages/term_store/checks.bend::after_alloc,bend_definition,85,False,False,393,2.91,0.9,meets_target,59,2.88,0.87,meets_target,576,1.78,0.10999999999999997,below_target
packages/term_store/checks.bend::after_read,bend_definition,90,False,False,162,2.98,0.9595959595959596,meets_target,187,2.78,0.78,meets_target,610,1.76,0.09000000000000001,below_target
packages/term_store/checks.bend::after_write,bend_definition,94,False,False,190,2.97,0.9500000000000001,meets_target,85,2.86,0.85,meets_target,704,1.69,0.08,below_target
packages/term_store/checks.bend::after_meta,bend_definition,99,False,False,126,2.99,0.97,meets_target,229,2.76,0.77,meets_target,871,1.55,0.05,below_target
packages/term_store/checks.bend::model_length,bend_definition,103,False,False,126,2.99,0.98,meets_target,415,2.67,0.69,meets_target,1140,1.39,0.03,below_target
packages/term_store/checks.bend::model_limit,bend_definition,107,False,False,126,2.99,0.98,meets_target,723,2.51,0.55,uncertain,1436,1.12,0.01,below_target
packages/term_store/checks.bend::one,bend_definition,111,True,False,1087,2.6,0.61,meets_target,6,2.99,0.9299999999999999,meets_target,6,2.53,0.55,uncertain
packages/term_store/checks.bend::checked_snapshot,bend_definition,119,False,False,245,2.95,0.95,meets_target,586,2.58,0.64,meets_target,1043,1.45,0.04,below_target
packages/term_store/checks.bend::checked_one,bend_definition,123,False,False,657,2.83,0.8200000000000001,meets_target,374,2.69,0.73,meets_target,466,1.86,0.14,below_target
packages/term_store/checks.bend::advance,bend_definition,128,True,False,893,2.72,0.6900000000000001,meets_target,209,2.77,0.8,meets_target,70,2.25,0.37,below_target
packages/term_store/checks.bend::run,bend_definition,133,True,False,1036,2.63,0.61,meets_target,493,2.63,0.71,meets_target,173,2.1,0.29000000000000004,below_target
packages/term_store/checks.bend::started,bend_definition,142,True,False,1176,2.55,0.54,uncertain,571,2.59,0.66,meets_target,102,2.19,0.35000000000000003,below_target
packages/term_store/checks.bend::created,bend_definition,147,True,False,1016,2.64,0.6100000000000001,meets_target,979,2.36,0.49,uncertain,372,1.92,0.24000000000000002,below_target
packages/term_store/checks.bend::trace,bend_definition,151,True,False,1087,2.6,0.595959595959596,uncertain,870,2.42,0.5700000000000001,uncertain,440,1.88,0.22,below_target
packages/term_store/checks.bend::store_witness,bend_definition,154,True,False,1627,2,0.45999999999999996,uncertain,1654,1.7,0.28,below_target,948,1.51,0.13,below_target
packages/term_store/checks.bend::zero_witness,bend_definition,161,True,False,1124,2.58,0.72,meets_target,1236,2.2,0.46,uncertain,908,1.53,0.13,below_target
packages/term_store/conformance.bend::choose_kind,bend_definition,10,False,False,1677,1.71,0.2,below_target,359,2.7,0.75,meets_target,440,1.88,0.13,below_target
packages/term_store/conformance.bend::choose,bend_definition,18,False,False,825,2.76,0.79,meets_target,455,2.65,0.7000000000000001,meets_target,481,1.85,0.17,below_target
packages/term_store/conformance.bend::history,bend_definition,21,False,False,42,3.06,0.92,meets_target,50,2.89,0.8700000000000001,meets_target,43,2.32,0.41000000000000003,uncertain
packages/term_store/conformance.bend::traces,bend_definition,27,True,False,550,2.86,0.8,meets_target,374,2.69,0.74,meets_target,112,2.18,0.33,below_target
packages/term_store/conformance.bend::verify,bend_definition,33,False,False,696,2.82,0.89,meets_target,554,2.6,0.62,meets_target,1359,1.2,0,below_target
packages/term_store/conformance.bend::main,bend_definition,38,True,False,1598,2.08,0.3,below_target,334,2.71,0.75,meets_target,70,2.25,0.38,below_target
packages/term_store/data_checks.bend::term_eq,bend_definition,7,False,False,1234,2.5,0.54,uncertain,85,2.86,0.87,meets_target,765,1.63,0.04,below_target
packages/term_store/data_checks.bend::list_eq,bend_definition,18,False,False,1053,2.62,0.65,meets_target,97,2.85,0.85,meets_target,1000,1.48,0.02,below_target
packages/term_store/data_checks.bend::store_terms,bend_definition,29,True,False,1391,2.39,0.5900000000000001,uncertain,1542,1.94,0.34,below_target,908,1.53,0.12,below_target
packages/term_store/data_checks.bend::terminal,bend_definition,32,False,False,1448,2.33,0.48,uncertain,1032,2.33,0.5,uncertain,1033,1.46,0.04,below_target
packages/term_store/data_checks.bend::observed,bend_definition,40,False,False,1136,2.57,0.6,meets_target,801,2.46,0.59,uncertain,908,1.53,0.06,below_target
packages/term_store/data_checks.bend::finished,bend_definition,44,True,False,1053,2.62,0.66,meets_target,687,2.53,0.62,meets_target,538,1.81,0.14,below_target
packages/term_store/data_checks.bend::begun,bend_definition,48,True,False,1547,2.19,0.43000000000000005,uncertain,1542,1.94,0.36,below_target,765,1.63,0.1,below_target
packages/term_store/data_checks.bend::allocated,bend_definition,52,True,False,1410,2.37,0.47000000000000003,uncertain,927,2.39,0.5656565656565656,uncertain,440,1.88,0.17,below_target
packages/term_store/data_checks.bend::ready,bend_definition,58,True,False,1570,2.15,0.39,below_target,1319,2.16,0.46,uncertain,418,1.89,0.23,below_target
packages/term_store/data_checks.bend::created,bend_definition,63,True,False,1513,2.25,0.43,uncertain,1406,2.11,0.39,below_target,783,1.61,0.14,below_target
packages/term_store/data_checks.bend::memo_terms,bend_definition,67,True,False,1360,2.41,0.5,uncertain,1167,2.23,0.48,uncertain,728,1.67,0.16,below_target
packages/term_store/example.bend::shown,bend_definition,4,False,False,764,2.79,0.84,meets_target,554,2.6,0.62,meets_target,1286,1.27,0.01,below_target
packages/term_store/example.bend::read,bend_definition,9,False,False,913,2.71,0.79,meets_target,1236,2.2,0.36,below_target,1178,1.37,0.02,below_target
packages/term_store/example.bend::allocated,bend_definition,13,False,False,1204,2.52,0.58,uncertain,891,2.41,0.53,uncertain,576,1.78,0.14,below_target
packages/term_store/example.bend::store_ready,bend_definition,19,False,False,1403,2.38,0.48,uncertain,1095,2.29,0.5,uncertain,280,2,0.25,below_target
packages/term_store/example.bend::created,bend_definition,24,False,False,1391,2.39,0.47,uncertain,1187,2.22,0.45,uncertain,384,1.91,0.22,below_target
packages/term_store/example.bend::main,bend_definition,28,True,False,1295,2.46,0.47000000000000003,uncertain,910,2.4,0.59,uncertain,266,2.01,0.27,below_target
packages/term_store/lifecycle.bend::read_pair,bend_definition,6,False,False,212,2.96,0.9500000000000001,meets_target,706,2.52,0.58,uncertain,1043,1.45,0.05,below_target
packages/term_store/lifecycle.bend::first_cell,bend_definition,10,False,False,1338,2.43,0.5700000000000001,uncertain,1394,2.12,0.48000000000000004,uncertain,318,1.96,0.29000000000000004,below_target
packages/term_store/lifecycle.bend::second_created,bend_definition,17,False,False,1318,2.44,0.52,uncertain,1342,2.15,0.49,uncertain,384,1.91,0.24000000000000002,below_target
packages/term_store/lifecycle.bend::next_created,bend_definition,22,False,False,1234,2.5,0.55,uncertain,1202,2.21,0.45,uncertain,738,1.66,0.15000000000000002,below_target
packages/term_store/lifecycle.bend::first_created,bend_definition,26,True,False,1467,2.31,0.39999999999999997,below_target,943,2.38,0.58,uncertain,161,2.11,0.31,below_target
packages/term_store/lifecycle.bend::both_created,bend_definition,31,True,False,1430,2.35,0.42,uncertain,1106,2.28,0.52,uncertain,266,2.01,0.27,below_target
packages/term_store/lifecycle.bend::separate_lifetimes,bend_definition,35,True,False,1448,2.33,0.39,below_target,1406,2.11,0.49,uncertain,243,2.03,0.31,below_target
packages/term_store/lifecycle.bend::exhausted_result,bend_definition,38,False,False,454,2.89,0.9,meets_target,281,2.73,0.75,meets_target,1063,1.44,0.03,below_target
packages/term_store/lifecycle.bend::exhausted_again,bend_definition,43,False,False,1154,2.56,0.72,meets_target,1482,2.02,0.29,below_target,1286,1.27,0.02,below_target
packages/term_store/lifecycle.bend::exhausted_twice,bend_definition,47,False,False,1679,1.7,0.25,below_target,1676,1.65,0.23,below_target,908,1.53,0.06,below_target
packages/term_store/lifecycle.bend::final_slot,bend_definition,51,False,False,520,2.87,0.89,meets_target,742,2.5,0.58,uncertain,1033,1.46,0.06,below_target
packages/term_store/lifecycle.bend::last_created,bend_definition,55,True,False,1634,1.98,0.32999999999999996,below_target,1618,1.8,0.33,below_target,623,1.75,0.18,below_target
packages/term_store/lifecycle.bend::last_pair,bend_definition,61,True,False,1608,2.06,0.32999999999999996,below_target,1518,1.98,0.33,below_target,835,1.57,0.1,below_target
packages/term_store/lifecycle.bend::scope_exhaustion,bend_definition,65,True,False,1513,2.25,0.37,below_target,1433,2.08,0.48000000000000004,uncertain,551,1.8,0.21,below_target
packages/term_store/lifecycle.bend::max_limit,bend_definition,68,True,False,1372,2.4,0.63,meets_target,1548,1.93,0.37,below_target,948,1.51,0.13000000000000003,below_target
packages/term_store/lifecycle.bend::zero_then_live_alloc,bend_definition,71,False,False,741,2.8,0.86,meets_target,1069,2.31,0.48,uncertain,1000,1.48,0.06,below_target
packages/term_store/lifecycle.bend::zero_then_live_result,bend_definition,75,False,False,1345,2.42,0.53,uncertain,958,2.37,0.53,uncertain,565,1.79,0.14,below_target
packages/term_store/lifecycle.bend::zero_then_live_pair,bend_definition,80,False,False,1273,2.48,0.59,uncertain,1304,2.17,0.39,below_target,835,1.57,0.09,below_target
packages/term_store/lifecycle.bend::zero_first,bend_definition,84,True,False,1631,1.99,0.31,below_target,1548,1.93,0.37,below_target,551,1.8,0.17,below_target
packages/term_store/lifecycle.bend::zero_first_pair,bend_definition,89,True,False,1410,2.37,0.53,uncertain,1406,2.11,0.34,below_target,809,1.59,0.1,below_target
packages/term_store/lifecycle.bend::zero_last,bend_definition,93,False,False,1360,2.41,0.52,uncertain,1495,2.01,0.39,below_target,623,1.75,0.13,below_target
packages/term_store/lifecycle.bend::zero_last_pair,bend_definition,98,False,False,1136,2.57,0.65,meets_target,1236,2.2,0.38,below_target,1015,1.47,0.05,below_target
packages/term_store/lifecycle.bend::zero_consumes_scope,bend_definition,102,True,False,1482,2.29,0.43999999999999995,uncertain,475,2.64,0.73,meets_target,481,1.85,0.15,below_target
packages/term_store/main.bend::Id,bend_datatype,4,True,False,622,2.84,0.86,meets_target,1069,2.31,0.41000000000000003,uncertain,1140,1.39,0.04,below_target
packages/term_store/main.bend::Error,bend_datatype,7,True,False,1615,2.04,0.34,below_target,910,2.4,0.49,uncertain,682,1.7,0.11,below_target
packages/term_store/main.bend::Scopes,bend_datatype,15,True,False,520,2.87,0.8400000000000001,meets_target,415,2.67,0.71,meets_target,514,1.83,0.12,below_target
packages/term_store/main.bend::Store,bend_datatype,18,True,False,975,2.67,0.71,meets_target,870,2.42,0.47,uncertain,908,1.53,0.07,below_target
packages/term_store/main.bend::Cell,bend_datatype,21,False,False,657,2.83,0.8300000000000001,meets_target,263,2.74,0.75,meets_target,576,1.78,0.10000000000000002,below_target
packages/term_store/main.bend::Action,bend_datatype,27,False,False,913,2.71,0.7100000000000001,meets_target,187,2.78,0.78,meets_target,384,1.91,0.17,below_target
packages/term_store/main.bend::Memo,bend_datatype,34,True,False,842,2.75,0.7300000000000001,meets_target,765,2.48,0.54,uncertain,528,1.82,0.14,below_target
packages/term_store/main.bend::Scopes.from,bend_definition,37,False,False,212,2.96,0.97,meets_target,815,2.45,0.46,uncertain,1505,1.05,0,below_target
packages/term_store/main.bend::claim_fresh,bend_definition,40,False,False,1136,2.57,0.71,meets_target,586,2.58,0.67,meets_target,791,1.6,0.05,below_target
packages/term_store/main.bend::make_store,bend_definition,47,False,False,315,2.93,0.9400000000000001,meets_target,391,2.68,0.72,meets_target,1140,1.39,0.02,below_target
packages/term_store/main.bend::vector_error,bend_definition,54,False,False,1736,1.43,0.16,below_target,1495,2.01,0.26,below_target,1378,1.18,0,below_target
packages/term_store/main.bend::Cell.step,bend_definition,65,False,False,1648,1.89,0.23,below_target,359,2.7,0.76,meets_target,318,1.96,0.18,below_target
packages/term_store/main.bend::Cell.result,bend_definition,92,False,False,1513,2.25,0.5,uncertain,927,2.39,0.5700000000000001,uncertain,791,1.6,0.07,below_target
packages/term_store/main.bend::make_memo,bend_definition,103,False,False,393,2.91,0.9400000000000001,meets_target,374,2.69,0.73,meets_target,1319,1.24,0.01,below_target
packages/term_store/main.bend::metadata,bend_definition,110,False,False,657,2.83,0.87,meets_target,1394,2.12,0.44,uncertain,1178,1.37,0.04,below_target
packages/term_store/main.bend::snapshot_done,bend_definition,114,False,False,520,2.87,0.91,meets_target,943,2.38,0.53,uncertain,1262,1.29,0.02,below_target
packages/term_store/main.bend::memo_wrap,bend_definition,118,False,False,42,3.06,0.97,meets_target,97,2.85,0.8300000000000001,meets_target,682,1.7,0.1,below_target
packages/term_store/main.bend::Scopes.new,bend_definition,122,False,False,212,2.96,0.96,meets_target,943,2.38,0.41,uncertain,1491,1.07,0,below_target
packages/term_store/main.bend::claim_available,bend_definition,125,False,False,315,2.93,0.91,meets_target,263,2.74,0.76,meets_target,638,1.74,0.1,below_target
packages/term_store/main.bend::Store.length,bend_definition,132,False,False,877,2.73,0.8200000000000001,meets_target,1585,1.86,0.32,below_target,966,1.5,0.06,below_target
packages/term_store/main.bend::Store.limit,bend_definition,137,False,False,741,2.8,0.85,meets_target,1533,1.95,0.34,below_target,1063,1.44,0.04,below_target
packages/term_store/main.bend::mapped,bend_definition,142,False,False,657,2.83,0.86,meets_target,801,2.46,0.55,uncertain,1140,1.39,0.02,below_target
packages/term_store/main.bend::allocated,bend_definition,149,False,False,393,2.91,0.92,meets_target,281,2.73,0.74,meets_target,982,1.49,0.03,below_target
packages/term_store/main.bend::Store.snapshot,bend_definition,156,False,False,990,2.66,0.77,meets_target,1608,1.82,0.31,below_target,982,1.49,0.05,below_target
packages/term_store/main.bend::memo_observed,bend_definition,161,False,False,657,2.83,0.87,meets_target,831,2.44,0.55,uncertain,1110,1.41,0.03,below_target
packages/term_store/main.bend::new_claimed,bend_definition,168,False,False,393,2.91,0.91,meets_target,765,2.48,0.58,uncertain,1043,1.45,0.04,below_target
packages/term_store/main.bend::memo_new_done,bend_definition,172,False,False,245,2.95,0.9494949494949495,meets_target,209,2.77,0.77,meets_target,1225,1.33,0.02,below_target
packages/term_store/main.bend::Scopes.claim,bend_definition,176,False,False,393,2.91,0.88,meets_target,334,2.71,0.73,meets_target,656,1.72,0.1,below_target
packages/term_store/main.bend::alloc_pushed,bend_definition,181,False,False,245,2.95,0.9400000000000001,meets_target,209,2.77,0.78,meets_target,597,1.77,0.10999999999999997,below_target
packages/term_store/main.bend::observed,bend_definition,185,False,False,279,2.94,0.93,meets_target,374,2.69,0.74,meets_target,656,1.72,0.09,below_target
packages/term_store/main.bend::memo_result_done,bend_definition,189,False,False,162,2.98,0.96,meets_target,309,2.72,0.74,meets_target,893,1.54,0.06,below_target
packages/term_store/main.bend::Store.new,bend_definition,192,False,False,486,2.88,0.8400000000000001,meets_target,229,2.76,0.79,meets_target,348,1.94,0.21000000000000002,below_target
packages/term_store/main.bend::get_scoped,bend_definition,195,False,False,657,2.83,0.8300000000000001,meets_target,187,2.78,0.8,meets_target,481,1.85,0.14,below_target
packages/term_store/main.bend::set_scoped,bend_definition,202,False,False,587,2.85,0.85,meets_target,97,2.85,0.85,meets_target,514,1.83,0.13000000000000003,below_target
packages/term_store/main.bend::alloc_length,bend_definition,209,False,False,393,2.91,0.9,meets_target,515,2.62,0.6900000000000001,meets_target,576,1.78,0.14,below_target
packages/term_store/main.bend::Store.alloc,bend_definition,213,False,False,930,2.7,0.6900000000000001,meets_target,687,2.53,0.65,meets_target,338,1.95,0.21000000000000002,below_target
packages/term_store/main.bend::Store.get,bend_definition,218,False,False,877,2.73,0.71,meets_target,281,2.73,0.77,meets_target,233,2.04,0.24000000000000002,below_target
packages/term_store/main.bend::Store.set,bend_definition,225,False,False,975,2.67,0.66,meets_target,455,2.65,0.71,meets_target,211,2.06,0.25,below_target
packages/term_store/main.bend::Memo.new,bend_definition,232,False,False,825,2.76,0.73,meets_target,151,2.81,0.8200000000000001,meets_target,551,1.8,0.16,below_target
packages/term_store/main.bend::Memo.alloc,bend_definition,235,False,False,657,2.83,0.8,meets_target,209,2.77,0.79,meets_target,348,1.94,0.21000000000000002,below_target
packages/term_store/main.bend::Memo.inspect,bend_definition,240,False,False,454,2.89,0.8400000000000001,meets_target,535,2.61,0.67,meets_target,646,1.73,0.12,below_target
packages/term_store/main.bend::memo_commit,bend_definition,245,False,False,587,2.85,0.85,meets_target,136,2.82,0.8300000000000001,meets_target,728,1.67,0.07,below_target
packages/term_store/main.bend::Memo.result,bend_definition,252,False,False,877,2.73,0.7000000000000001,meets_target,475,2.64,0.7,meets_target,551,1.8,0.16,below_target
packages/term_store/main.bend::memo_stepped,bend_definition,256,False,False,354,2.92,0.92,meets_target,608,2.57,0.6,meets_target,1082,1.43,0.05,below_target
packages/term_store/main.bend::memo_found,bend_definition,260,False,False,1003,2.65,0.65,meets_target,110,2.84,0.85,meets_target,280,2,0.22,below_target
packages/term_store/main.bend::memo_read,bend_definition,267,False,False,877,2.73,0.7000000000000001,meets_target,187,2.78,0.79,meets_target,290,1.99,0.24000000000000002,below_target
packages/term_store/main.bend::Memo.apply,bend_definition,271,False,False,990,2.66,0.62,meets_target,136,2.82,0.8400000000000001,meets_target,41,2.33,0.43999999999999995,uncertain
packages/term_store/main.bend::Memo.begin,bend_definition,276,False,False,354,2.92,0.8787878787878789,meets_target,391,2.68,0.7100000000000001,meets_target,481,1.85,0.22999999999999998,below_target
packages/term_store/main.bend::Memo.succeed,bend_definition,279,False,False,393,2.91,0.88,meets_target,475,2.64,0.67,meets_target,682,1.7,0.17,below_target
packages/term_store/main.bend::Memo.fail,bend_definition,282,False,False,279,2.94,0.9099999999999999,meets_target,309,2.72,0.74,meets_target,777,1.62,0.14,below_target
packages/term_store/main.bend::Memo.cancel,bend_definition,285,False,False,80,3.02,0.91,meets_target,174,2.79,0.8,meets_target,538,1.81,0.19,below_target
packages/term_store/memo_checks.bend::Seen,bend_datatype,6,True,False,1454,2.32,0.44,uncertain,281,2.73,0.76,meets_target,466,1.86,0.09,below_target
packages/term_store/memo_checks.bend::Op,bend_datatype,13,True,False,1204,2.52,0.58,uncertain,391,2.68,0.73,meets_target,418,1.89,0.15,below_target
packages/term_store/memo_checks.bend::allocated,bend_definition,18,False,False,279,2.94,0.95,meets_target,110,2.84,0.8383838383838383,meets_target,851,1.56,0.03,below_target
packages/term_store/memo_checks.bend::changed,bend_definition,23,False,False,315,2.93,0.9393939393939393,meets_target,187,2.78,0.79,meets_target,791,1.6,0.03,below_target
packages/term_store/memo_checks.bend::inner,bend_definition,28,False,False,393,2.91,0.92,meets_target,209,2.77,0.76,meets_target,1296,1.26,0.01,below_target
packages/term_store/memo_checks.bend::completed,bend_definition,33,False,False,716,2.81,0.82,meets_target,608,2.57,0.64,meets_target,908,1.53,0.04,below_target
packages/term_store/memo_checks.bend::observe_cell,bend_definition,39,False,False,1176,2.55,0.63,meets_target,334,2.71,0.75,meets_target,499,1.84,0.11,below_target
packages/term_store/memo_checks.bend::seen_eq,bend_definition,49,False,False,1729,1.48,0.09000000000000001,below_target,765,2.48,0.61,meets_target,765,1.63,0.05,below_target
packages/term_store/memo_checks.bend::cell_eq,bend_definition,87,False,False,1743,1.3,0.06,below_target,958,2.37,0.55,uncertain,1082,1.43,0.02,below_target
packages/term_store/memo_checks.bend::cells_eq,bend_definition,114,False,False,1283,2.47,0.5,uncertain,246,2.75,0.78,meets_target,908,1.53,0.03,below_target
packages/term_store/memo_checks.bend::actual_add,bend_definition,125,False,False,315,2.93,0.93,meets_target,784,2.47,0.55,uncertain,1169,1.38,0.04,below_target
packages/term_store/memo_checks.bend::actual_change,bend_definition,129,False,False,212,2.96,0.96,meets_target,455,2.65,0.67,meets_target,1121,1.4,0.03,below_target
packages/term_store/memo_checks.bend::actual_observe,bend_definition,133,False,False,587,2.85,0.86,meets_target,742,2.5,0.58,uncertain,1140,1.39,0.03,below_target
packages/term_store/memo_checks.bend::actual,bend_definition,137,True,False,1372,2.4,0.43,uncertain,169,2.8,0.8200000000000001,meets_target,299,1.98,0.17,below_target
packages/term_store/memo_checks.bend::model_add,bend_definition,148,False,False,212,2.96,0.96,meets_target,654,2.55,0.61,meets_target,1121,1.4,0.04,below_target
packages/term_store/memo_checks.bend::model_write,bend_definition,152,False,False,279,2.94,0.9400000000000001,meets_target,493,2.63,0.68,meets_target,851,1.56,0.06,below_target
packages/term_store/memo_checks.bend::model_commit,bend_definition,156,False,False,764,2.79,0.78,meets_target,334,2.71,0.75,meets_target,440,1.88,0.17,below_target
packages/term_store/memo_checks.bend::model_step,bend_definition,161,False,False,696,2.82,0.8300000000000001,meets_target,831,2.44,0.52,uncertain,851,1.56,0.09,below_target
packages/term_store/memo_checks.bend::model_found,bend_definition,165,False,False,893,2.72,0.72,meets_target,263,2.74,0.78,meets_target,348,1.94,0.2,below_target
packages/term_store/memo_checks.bend::model,bend_definition,170,True,False,1372,2.4,0.42,uncertain,209,2.77,0.8,meets_target,92,2.21,0.34,below_target
packages/term_store/memo_checks.bend::inspected,bend_definition,176,False,False,315,2.93,0.92,meets_target,391,2.68,0.72,meets_target,791,1.6,0.07,below_target
packages/term_store/memo_checks.bend::inspect_one,bend_definition,180,False,False,425,2.9,0.89,meets_target,415,2.67,0.71,meets_target,671,1.71,0.11,below_target
packages/term_store/memo_checks.bend::inspect_all,bend_definition,184,False,False,913,2.71,0.7100000000000001,meets_target,831,2.44,0.5800000000000001,uncertain,418,1.89,0.18,below_target
packages/term_store/memo_checks.bend::restored,bend_definition,189,False,False,315,2.93,0.9199999999999999,meets_target,910,2.4,0.56,uncertain,1082,1.43,0.07,below_target
packages/term_store/memo_checks.bend::checked,bend_definition,193,True,False,1254,2.49,0.48,uncertain,850,2.43,0.59,uncertain,202,2.07,0.27,below_target
packages/term_store/memo_checks.bend::compared,bend_definition,198,True,False,805,2.77,0.7300000000000001,meets_target,334,2.71,0.75,meets_target,112,2.18,0.35000000000000003,below_target
packages/term_store/memo_checks.bend::advance,bend_definition,203,True,False,1036,2.63,0.63,meets_target,246,2.75,0.78,meets_target,102,2.19,0.34,below_target
packages/term_store/memo_checks.bend::run,bend_definition,208,True,False,1234,2.5,0.5,uncertain,374,2.69,0.73,meets_target,57,2.29,0.43999999999999995,uncertain
packages/term_store/memo_checks.bend::start,bend_definition,217,True,False,1295,2.46,0.45999999999999996,uncertain,765,2.48,0.61,meets_target,130,2.15,0.36000000000000004,below_target
packages/term_store/memo_checks.bend::created,bend_definition,222,True,False,1195,2.53,0.51,uncertain,1082,2.3,0.46,uncertain,254,2.02,0.32,below_target
packages/term_store/memo_checks.bend::trace,bend_definition,226,True,False,1218,2.51,0.54,uncertain,1049,2.32,0.53,uncertain,481,1.85,0.23,below_target
packages/term_store/memo_checks.bend::witness,bend_definition,229,True,False,1702,1.61,0.25,below_target,1648,1.72,0.31,below_target,551,1.8,0.22,below_target
packages/term_store/memo_checks.bend::interleaved_witness,bend_definition,244,True,False,1283,2.47,0.66,meets_target,1016,2.34,0.54,uncertain,233,2.04,0.28,below_target
packages/term_store/model.bend::Arena,bend_datatype,5,False,False,1124,2.58,0.7200000000000001,meets_target,1585,1.86,0.19,below_target,1273,1.28,0.03,below_target
packages/term_store/model.bend::append,bend_definition,8,False,False,42,3.06,0.98,meets_target,281,2.73,0.76,meets_target,1063,1.44,0.03,below_target
packages/term_store/model.bend::at,bend_definition,15,False,False,393,2.91,0.9,meets_target,535,2.61,0.68,meets_target,982,1.49,0.04,below_target
packages/term_store/model.bend::replace,bend_definition,26,False,False,454,2.89,0.89,meets_target,374,2.69,0.73,meets_target,1191,1.36,0.02,below_target
packages/term_store/model.bend::count,bend_definition,37,False,False,245,2.95,0.9400000000000001,meets_target,784,2.47,0.58,uncertain,1207,1.35,0.02,below_target
packages/term_store/model.bend::allocate_if,bend_definition,44,False,False,622,2.84,0.87,meets_target,493,2.63,0.6900000000000001,meets_target,765,1.63,0.07,below_target
packages/term_store/model.bend::allocate,bend_definition,51,False,False,862,2.74,0.75,meets_target,654,2.55,0.63,meets_target,682,1.7,0.09,below_target
packages/term_store/model.bend::read_scoped,bend_definition,56,False,False,454,2.89,0.91,meets_target,334,2.71,0.73,meets_target,966,1.5,0.04,below_target
packages/term_store/model.bend::read,bend_definition,63,False,False,913,2.71,0.7000000000000001,meets_target,535,2.61,0.67,meets_target,576,1.78,0.10999999999999997,below_target
packages/term_store/model.bend::write_bound,bend_definition,70,False,False,279,2.94,0.9400000000000001,meets_target,263,2.74,0.77,meets_target,871,1.55,0.04,below_target
packages/term_store/model.bend::write_scoped,bend_definition,77,False,False,805,2.77,0.77,meets_target,151,2.81,0.8200000000000001,meets_target,576,1.78,0.10000000000000002,below_target
packages/term_store/model.bend::write,bend_definition,84,False,False,1234,2.5,0.5,uncertain,586,2.58,0.66,meets_target,418,1.89,0.16,below_target
packages/term_store/model.bend::begin,bend_definition,93,False,False,1619,2.03,0.37,below_target,124,2.83,0.8400000000000001,meets_target,451,1.87,0.14,below_target
packages/term_store/model.bend::finish,bend_definition,104,False,False,1684,1.67,0.2,below_target,815,2.45,0.5700000000000001,uncertain,966,1.5,0.04,below_target
packages/term_store/model.bend::step,bend_definition,115,False,False,1184,2.54,0.56,uncertain,110,2.84,0.85,meets_target,254,2.02,0.2,below_target
packages/term_store/payload.bend::values,bend_definition,5,False,False,520,2.87,0.91,meets_target,1135,2.25,0.36,below_target,1436,1.12,0.01,below_target
packages/term_store/payload.bend::written,bend_definition,9,False,False,1318,2.44,0.62,meets_target,1495,2.01,0.36,below_target,1082,1.43,0.05,below_target
packages/term_store/payload.bend::third,bend_definition,13,False,False,1254,2.49,0.62,meets_target,1512,1.99,0.36000000000000004,below_target,623,1.75,0.17,below_target
packages/term_store/payload.bend::second,bend_definition,17,False,False,1184,2.54,0.62,meets_target,1236,2.2,0.45,uncertain,610,1.76,0.17,below_target
packages/term_store/payload.bend::first,bend_definition,21,False,False,1467,2.31,0.39999999999999997,below_target,1202,2.21,0.46,uncertain,372,1.92,0.23,below_target
packages/term_store/payload.bend::ready,bend_definition,25,False,False,1184,2.54,0.5353535353535354,uncertain,723,2.51,0.64,meets_target,19,2.4,0.47,uncertain
packages/term_store/payload.bend::created,bend_definition,30,True,False,1273,2.48,0.48,uncertain,870,2.42,0.6,meets_target,99,2.2,0.36,below_target
packages/term_store/payload.bend::preserved,bend_definition,34,True,False,1410,2.37,0.42,uncertain,1378,2.13,0.48000000000000004,uncertain,84,2.22,0.41,uncertain
packages/term_store/payload.bend::Term,bend_datatype,37,False,False,842,2.75,0.8,meets_target,850,2.43,0.51,uncertain,1273,1.28,0.01,below_target
packages/term_store/payload.bend::term_witness,bend_definition,41,True,False,1218,2.51,0.55,uncertain,1082,2.3,0.55,uncertain,84,2.22,0.4,below_target
packages/term_store/release.bend::main,bend_definition,8,True,False,1391,2.39,0.42000000000000004,uncertain,1032,2.33,0.55,uncertain,384,1.91,0.25,below_target
packages/term_store/tests/negative/closure_payload.bend::bad,bend_definition,4,False,False,1234,2.5,0.64,meets_target,1456,2.05,0.34,below_target,1403,1.15,0.05,below_target
packages/term_store/tests/negative/duplicate_memo.bend::bad,bend_definition,4,False,False,825,2.76,0.8500000000000001,meets_target,1597,1.84,0.28,below_target,1523,1.03,0.01,below_target
packages/term_store/tests/negative/duplicate_store.bend::bad,bend_definition,4,False,False,1036,2.63,0.79,meets_target,1482,2.02,0.37000000000000005,below_target,1480,1.08,0.02,below_target
packages/term_store/tests/remote_consumer.bend::shown,bend_definition,5,False,False,862,2.74,0.8181818181818182,meets_target,608,2.57,0.6,meets_target,1253,1.3,0.01,below_target
packages/term_store/tests/remote_consumer.bend::read,bend_definition,10,False,False,696,2.82,0.87,meets_target,1121,2.26,0.4,below_target,1121,1.4,0.03,below_target
packages/term_store/tests/remote_consumer.bend::allocated,bend_definition,14,False,False,1218,2.51,0.6,meets_target,742,2.5,0.57,uncertain,933,1.52,0.03,below_target
packages/term_store/tests/remote_consumer.bend::store_ready,bend_definition,20,False,False,1430,2.35,0.45,uncertain,870,2.42,0.53,uncertain,638,1.74,0.12,below_target
packages/term_store/tests/remote_consumer.bend::created,bend_definition,25,False,False,1318,2.44,0.51,uncertain,943,2.38,0.49,uncertain,565,1.79,0.14,below_target
packages/term_store/tests/remote_consumer.bend::main,bend_definition,29,False,False,1547,2.19,0.32,below_target,870,2.42,0.58,uncertain,338,1.95,0.21000000000000002,below_target
packages/vec/LAWS.bend::empty_contents,bend_law,8,False,False,622,2.84,0.81,meets_target,1003,2.35,0.48,uncertain,765,1.63,0.11,below_target
packages/vec/LAWS.bend::singleton_get,bend_law,12,True,False,716,2.81,0.8,meets_target,1167,2.23,0.49,uncertain,753,1.64,0.12000000000000001,below_target
packages/vec/LAWS.bend::growth_order,bend_law,17,True,False,1360,2.41,0.53,uncertain,706,2.52,0.64,meets_target,551,1.8,0.17,below_target
packages/vec/LAWS.bend::reserve_preserves,bend_law,26,True,False,1053,2.62,0.65,meets_target,608,2.57,0.67,meets_target,359,1.93,0.21000000000000002,below_target
packages/vec/LAWS.bend::set_preserves,bend_law,33,True,False,1136,2.57,0.64,meets_target,943,2.38,0.5656565656565656,uncertain,656,1.72,0.15000000000000002,below_target
packages/vec/LAWS.bend::swap_old_and_preserves,bend_law,41,True,False,842,2.75,0.76,meets_target,891,2.41,0.5900000000000001,uncertain,528,1.82,0.2,below_target
packages/vec/LAWS.bend::push_pop_growth,bend_law,49,True,False,1124,2.58,0.6200000000000001,meets_target,1113,2.27,0.54,uncertain,400,1.9,0.23,below_target
packages/vec/LAWS.bend::slice_order,bend_law,56,True,False,1154,2.56,0.5900000000000001,uncertain,1069,2.31,0.55,uncertain,418,1.89,0.22,below_target
packages/vec/LAWS.bend::logical_bounds,bend_law,65,True,False,913,2.71,0.7100000000000001,meets_target,958,2.37,0.5800000000000001,uncertain,576,1.78,0.18000000000000002,below_target
packages/vec/LAWS.bend::max_index,bend_law,73,True,False,1575,2.14,0.5100000000000001,uncertain,1627,1.78,0.34,below_target,871,1.55,0.16,below_target
packages/vec/LAWS.bend::zero_limit,bend_law,78,True,False,1072,2.61,0.68,meets_target,1378,2.13,0.45999999999999996,uncertain,656,1.72,0.18,below_target
packages/vec/LAWS.bend::empty_pop,bend_law,83,False,False,825,2.76,0.76,meets_target,1032,2.33,0.53,uncertain,747,1.65,0.12,below_target
packages/vec/LAWS.bend::empty_slice,bend_law,87,False,False,1087,2.6,0.7,meets_target,1456,2.05,0.39,below_target,1098,1.42,0.08000000000000002,below_target
packages/vec/LAWS.bend::reversed_slice,bend_law,91,True,False,1580,2.12,0.48,uncertain,1682,1.63,0.28,below_target,908,1.53,0.14,below_target
packages/vec/LAWS.bend::maximum_reserve,bend_law,96,True,False,893,2.72,0.74,meets_target,1261,2.19,0.5,uncertain,514,1.83,0.23,below_target
packages/vec/LAWS.bend::initial_metadata,bend_law,102,False,False,1305,2.45,0.6599999999999999,meets_target,1554,1.92,0.33,below_target,1273,1.28,0.05,below_target
packages/vec/LAWS.bend::initial_capacity,bend_law,104,False,False,1154,2.56,0.7000000000000001,meets_target,1445,2.06,0.42000000000000004,uncertain,1219,1.34,0.06,below_target
packages/vec/LAWS.bend::rounded_capacity,bend_law,106,False,False,1489,2.28,0.51,uncertain,1585,1.86,0.35000000000000003,below_target,1169,1.38,0.09000000000000001,below_target
packages/vec/LAWS.bend::effective_limit,bend_law,108,False,False,1154,2.56,0.66,meets_target,1445,2.06,0.44,uncertain,1015,1.47,0.12000000000000001,below_target
packages/vec/LAWS.bend::get_preserves,bend_law,111,True,False,893,2.72,0.74,meets_target,958,2.37,0.5700000000000001,uncertain,418,1.89,0.23,below_target
packages/vec/LAWS.bend::set_then_get,bend_law,118,True,False,1016,2.64,0.6499999999999999,meets_target,765,2.48,0.63,meets_target,576,1.78,0.16,below_target
packages/vec/LAWS.bend::push_success,bend_law,126,True,False,893,2.72,0.7300000000000001,meets_target,815,2.45,0.6,meets_target,451,1.87,0.2,below_target
packages/vec/LAWS.bend::pop_length,bend_law,134,True,False,1234,2.5,0.6,meets_target,1342,2.15,0.47000000000000003,uncertain,646,1.73,0.18000000000000002,below_target
packages/vec/LAWS.bend::maximum_plan,bend_law,142,False,False,550,2.86,0.8200000000000001,meets_target,675,2.54,0.64,meets_target,359,1.93,0.22,below_target
packages/vec/LAWS.bend::exact_limit_reserve,bend_law,144,False,False,1003,2.65,0.68,meets_target,1438,2.07,0.41000000000000003,uncertain,966,1.5,0.09,below_target
packages/vec/PROOF.bend::Laws.empty_contents,bend_law_fill,4,False,False,1748,1.25,0.32,below_target,1727,1.45,0.26,below_target,1764,0.78,0.02,below_target
packages/vec/PROOF.bend::Laws.singleton_get,bend_law_fill,5,False,False,1756,1.09,0.26999999999999996,below_target,1729,1.44,0.28,below_target,1760,0.8,0.02,below_target
packages/vec/PROOF.bend::Laws.growth_order,bend_law_fill,6,False,False,1774,0.91,0.22999999999999998,below_target,1660,1.69,0.33999999999999997,below_target,1613,0.92,0.02,below_target
packages/vec/PROOF.bend::Laws.reserve_preserves,bend_law_fill,7,False,False,1788,0.76,0.18,below_target,1699,1.57,0.32,below_target,1754,0.83,0.04,below_target
packages/vec/PROOF.bend::Laws.set_preserves,bend_law_fill,8,False,False,1816,0.49,0.12,below_target,1769,1.21,0.24000000000000002,below_target,1795,0.63,0.02,below_target
packages/vec/PROOF.bend::Laws.swap_old_and_preserves,bend_law_fill,9,False,False,1734,1.44,0.3799999999999999,below_target,1574,1.88,0.41,uncertain,1445,1.11,0.06,below_target
packages/vec/PROOF.bend::Laws.push_pop_growth,bend_law_fill,10,False,False,1643,1.92,0.5000000000000001,uncertain,1049,2.32,0.54,uncertain,1296,1.26,0.07,below_target
packages/vec/PROOF.bend::Laws.slice_order,bend_law_fill,11,False,False,1806,0.6,0.13999999999999999,below_target,1721,1.47,0.26,below_target,1769,0.75,0.01,below_target
packages/vec/PROOF.bend::Laws.logical_bounds,bend_law_fill,12,False,False,1818,0.48,0.11,below_target,1791,1.04,0.2,below_target,1785,0.68,0.04,below_target
packages/vec/PROOF.bend::Laws.max_index,bend_law_fill,13,False,False,1821,0.45,0.08,below_target,1811,0.91,0.1414141414141414,below_target,1824,0.43,0.01,below_target
packages/vec/PROOF.bend::Laws.zero_limit,bend_law_fill,14,False,False,1826,0.42,0.09000000000000001,below_target,1796,1.02,0.19,below_target,1804,0.6,0.04,below_target
packages/vec/PROOF.bend::Laws.empty_pop,bend_law_fill,15,False,False,1793,0.71,0.15,below_target,1747,1.37,0.27,below_target,1780,0.7,0.03,below_target
packages/vec/PROOF.bend::Laws.empty_slice,bend_law_fill,16,False,False,1763,0.99,0.22,below_target,1753,1.35,0.26,below_target,1782,0.69,0.010000000000000002,below_target
packages/vec/PROOF.bend::Laws.reversed_slice,bend_law_fill,17,False,False,1804,0.62,0.15,below_target,1802,0.97,0.15000000000000002,below_target,1829,0.37,0,below_target
packages/vec/PROOF.bend::Laws.maximum_reserve,bend_law_fill,18,False,False,1816,0.49,0.11,below_target,1799,1,0.1919191919191919,below_target,1816,0.52,0.03,below_target
packages/vec/PROOF.bend::Laws.initial_metadata,bend_law_fill,19,False,False,1603,2.07,0.6,meets_target,1482,2.02,0.36000000000000004,below_target,1636,0.91,0.02,below_target
packages/vec/PROOF.bend::Laws.initial_capacity,bend_law_fill,20,False,False,1520,2.24,0.63,meets_target,1518,1.98,0.43,uncertain,1536,1.01,0.04,below_target
packages/vec/PROOF.bend::Laws.rounded_capacity,bend_law_fill,21,False,False,1748,1.25,0.31,below_target,1669,1.67,0.31999999999999995,below_target,1735,0.87,0.03,below_target
packages/vec/PROOF.bend::Laws.effective_limit,bend_law_fill,22,False,False,1697,1.62,0.42999999999999994,uncertain,1713,1.51,0.28,below_target,1582,0.94,0.04,below_target
packages/vec/PROOF.bend::Laws.get_preserves,bend_law_fill,23,False,False,1768,0.94,0.24,below_target,1727,1.45,0.32,below_target,1735,0.87,0.05,below_target
packages/vec/PROOF.bend::Laws.set_then_get,bend_law_fill,24,False,False,1772,0.92,0.22000000000000003,below_target,1738,1.41,0.3,below_target,1772,0.74,0.02,below_target
packages/vec/PROOF.bend::Laws.push_success,bend_law_fill,25,False,False,1674,1.73,0.45999999999999996,uncertain,1533,1.95,0.44,uncertain,1457,1.1,0.04,below_target
packages/vec/PROOF.bend::Laws.pop_length,bend_law_fill,26,False,False,1624,2.02,0.5300000000000001,uncertain,1654,1.7,0.32,below_target,1480,1.08,0.04040404040404041,below_target
packages/vec/PROOF.bend::Laws.maximum_plan,bend_law_fill,27,False,False,1654,1.86,0.5100000000000001,uncertain,1495,2.01,0.43,uncertain,1403,1.15,0.07,below_target
packages/vec/PROOF.bend::Laws.exact_limit_reserve,bend_law_fill,28,False,False,1776,0.9,0.21,below_target,1686,1.61,0.31000000000000005,below_target,1775,0.73,0.02,below_target
packages/vec/benchmark.bend::Counts,bend_datatype,4,True,False,1111,2.59,0.66,meets_target,870,2.42,0.5700000000000001,uncertain,908,1.53,0.04,below_target
packages/vec/benchmark.bend::Report,bend_datatype,7,False,False,1520,2.24,0.4,below_target,1261,2.19,0.43,uncertain,871,1.55,0.07,below_target
packages/vec/benchmark.bend::count_growth,bend_definition,10,False,False,1036,2.63,0.75,meets_target,1378,2.13,0.45,uncertain,1253,1.3,0.01,below_target
packages/vec/benchmark.bend::pushed,bend_definition,17,False,False,520,2.87,0.89,meets_target,943,2.38,0.56,uncertain,704,1.69,0.1,below_target
packages/vec/benchmark.bend::pushed_result,bend_definition,21,False,False,1124,2.58,0.63,meets_target,1509,2,0.36000000000000004,below_target,1015,1.47,0.05,below_target
packages/vec/benchmark.bend::push_one,bend_definition,25,False,False,1283,2.47,0.59,uncertain,1438,2.07,0.4,below_target,638,1.74,0.18000000000000002,below_target
packages/vec/benchmark.bend::build,bend_definition,29,False,False,1410,2.37,0.44999999999999996,uncertain,927,2.39,0.6,meets_target,102,2.19,0.37,below_target
packages/vec/benchmark.bend::check_result,bend_definition,36,False,False,520,2.87,0.89,meets_target,136,2.82,0.8300000000000001,meets_target,948,1.51,0.03,below_target
packages/vec/benchmark.bend::checked,bend_definition,41,False,False,805,2.77,0.79,meets_target,927,2.39,0.51,uncertain,1219,1.34,0.02,below_target
packages/vec/benchmark.bend::verify,bend_definition,45,False,False,1016,2.64,0.66,meets_target,1202,2.21,0.48,uncertain,400,1.9,0.18,below_target
packages/vec/benchmark.bend::report,bend_definition,52,False,False,1087,2.6,0.76,meets_target,1623,1.79,0.29000000000000004,below_target,1391,1.16,0.0101010101010101,below_target
packages/vec/benchmark.bend::verified,bend_definition,58,False,False,1087,2.6,0.71,meets_target,1581,1.87,0.3,below_target,1333,1.23,0.02,below_target
packages/vec/benchmark.bend::built,bend_definition,62,False,False,913,2.71,0.6599999999999999,meets_target,687,2.53,0.63,meets_target,318,1.96,0.23,below_target
packages/vec/benchmark.bend::workload,bend_definition,66,True,False,1430,2.35,0.38,below_target,850,2.43,0.63,meets_target,254,2.02,0.28,below_target
packages/vec/conformance.bend::empty,bend_definition,5,True,False,1592,2.09,0.48,uncertain,1526,1.97,0.39,below_target,908,1.53,0.16,below_target
packages/vec/conformance.bend::growth_values,bend_definition,8,True,False,1273,2.48,0.6799999999999999,meets_target,1082,2.3,0.52,uncertain,538,1.81,0.19,below_target
packages/vec/conformance.bend::logical_bounds,bend_definition,11,True,False,1705,1.6,0.32999999999999996,below_target,1684,1.62,0.29000000000000004,below_target,1242,1.31,0.13000000000000003,below_target
packages/vec/conformance.bend::updates,bend_definition,14,True,False,1592,2.09,0.5,uncertain,1462,2.04,0.44,uncertain,948,1.51,0.14000000000000004,below_target
packages/vec/conformance.bend::push_pop,bend_definition,17,True,False,1318,2.44,0.6900000000000001,meets_target,1261,2.19,0.44,uncertain,809,1.59,0.09000000000000001,below_target
packages/vec/conformance.bend::ranges,bend_definition,20,True,False,1705,1.6,0.35000000000000003,below_target,1482,2.02,0.4,below_target,893,1.54,0.1,below_target
packages/vec/conformance.bend::limits,bend_definition,23,True,False,1664,1.78,0.35,below_target,1623,1.79,0.31,below_target,1000,1.48,0.09000000000000001,below_target
packages/vec/conformance.bend::selected,bend_definition,26,False,False,354,2.92,0.9400000000000001,meets_target,433,2.66,0.686868686868687,meets_target,1219,1.34,0.02,below_target
packages/vec/conformance.bend::alphabet,bend_definition,31,False,False,1774,0.91,0.13,below_target,1804,0.96,0.12,below_target,1536,1.01,0.06,below_target
packages/vec/conformance.bend::decode,bend_definition,34,False,False,315,2.93,0.89,meets_target,391,2.68,0.73,meets_target,481,1.85,0.15,below_target
packages/vec/conformance.bend::exhaustive,bend_definition,40,True,False,1345,2.42,0.52,uncertain,1378,2.13,0.43,uncertain,202,2.07,0.3,below_target
packages/vec/conformance.bend::named,bend_definition,47,True,False,1660,1.8,0.23,below_target,1378,2.13,0.44,uncertain,610,1.76,0.15,below_target
packages/vec/conformance.bend::main,bend_definition,50,True,False,1204,2.52,0.51,uncertain,433,2.66,0.74,meets_target,31,2.35,0.45999999999999996,uncertain
packages/vec/example.bend::finish,bend_definition,4,False,False,1218,2.51,0.7,meets_target,1167,2.23,0.38,below_target,1384,1.17,0,below_target
packages/vec/example.bend::pushed,bend_definition,12,False,False,1372,2.4,0.6,meets_target,1623,1.79,0.27,below_target,1000,1.48,0.09999999999999999,below_target
packages/vec/example.bend::main,bend_definition,16,True,False,1318,2.44,0.5,uncertain,1187,2.22,0.48000000000000004,uncertain,359,1.93,0.29000000000000004,below_target
packages/vec/generic.bend::Node,bend_datatype,5,False,False,1111,2.59,0.66,meets_target,1095,2.29,0.48,uncertain,1015,1.47,0.05,below_target
packages/vec/generic.bend::node_eq,bend_definition,8,False,False,454,2.89,0.91,meets_target,586,2.58,0.64,meets_target,1296,1.26,0.01,below_target
packages/vec/generic.bend::nodes_eq,bend_definition,15,False,False,990,2.66,0.67,meets_target,85,2.86,0.86,meets_target,966,1.5,0.02,below_target
packages/vec/generic.bend::result_ok,bend_definition,26,False,False,1448,2.33,0.48,uncertain,1187,2.22,0.44,uncertain,1015,1.47,0.06,below_target
packages/vec/generic.bend::main,bend_definition,33,True,False,1345,2.42,0.53,uncertain,1032,2.33,0.53,uncertain,384,1.91,0.21000000000000002,below_target
packages/vec/main.bend::Error,bend_datatype,3,True,False,1410,2.37,0.52,uncertain,1049,2.32,0.46,uncertain,738,1.66,0.09000000000000001,below_target
packages/vec/main.bend::Vec,bend_datatype,9,False,False,1345,2.42,0.49,uncertain,1342,2.15,0.38,below_target,835,1.57,0.11000000000000001,below_target
packages/vec/main.bend::Vec.maximum,bend_definition,12,False,False,1615,2.04,0.56,uncertain,1743,1.4,0.13,below_target,1769,0.75,0.01,below_target
packages/vec/main.bend::Vec.bounded,bend_definition,15,False,False,764,2.79,0.8300000000000001,meets_target,1462,2.04,0.42,uncertain,753,1.64,0.13000000000000003,below_target
packages/vec/main.bend::Vec.new,bend_definition,18,False,False,162,2.98,0.9600000000000001,meets_target,455,2.65,0.67,meets_target,1043,1.45,0.04,below_target
packages/vec/main.bend::Vec.length,bend_definition,21,False,False,486,2.88,0.9,meets_target,1548,1.93,0.35000000000000003,below_target,1296,1.26,0.03,below_target
packages/vec/main.bend::Vec.capacity,bend_definition,26,False,False,96,3.01,0.97,meets_target,910,2.4,0.52,uncertain,1403,1.15,0.01,below_target
packages/vec/main.bend::Vec.limit,bend_definition,31,False,False,425,2.9,0.9099999999999999,meets_target,1319,2.16,0.43,uncertain,1319,1.24,0.03,below_target
packages/vec/main.bend::slot_result,bend_definition,36,False,False,279,2.94,0.9500000000000001,meets_target,229,2.76,0.77,meets_target,1098,1.42,0.04,below_target
packages/vec/main.bend::observed,bend_definition,43,False,False,279,2.94,0.8999999999999999,meets_target,765,2.48,0.61,meets_target,717,1.68,0.12,below_target
packages/vec/main.bend::get_if,bend_definition,48,False,False,877,2.73,0.73,meets_target,979,2.36,0.54,uncertain,851,1.56,0.08000000000000002,below_target
packages/vec/main.bend::Vec.get,bend_definition,56,False,False,842,2.75,0.7171717171717171,meets_target,515,2.62,0.7070707070707071,meets_target,266,2.01,0.25,below_target
packages/vec/main.bend::swap_if,bend_definition,61,False,False,486,2.88,0.8500000000000001,meets_target,608,2.57,0.65,meets_target,783,1.61,0.09,below_target
packages/vec/main.bend::Vec.swap,bend_definition,69,False,False,790,2.78,0.75,meets_target,455,2.65,0.73,meets_target,299,1.98,0.23,below_target
packages/vec/main.bend::discard_value,bend_definition,74,False,False,716,2.81,0.87,meets_target,187,2.78,0.79,meets_target,1340,1.22,0,below_target
packages/vec/main.bend::set_result,bend_definition,81,False,False,126,2.99,0.98,meets_target,391,2.68,0.71,meets_target,948,1.51,0.04,below_target
packages/vec/main.bend::Vec.set,bend_definition,85,False,False,622,2.84,0.78,meets_target,309,2.72,0.77,meets_target,211,2.06,0.27,below_target
packages/vec/main.bend::plan_step,bend_definition,89,False,False,716,2.81,0.78,meets_target,784,2.47,0.61,meets_target,400,1.9,0.18,below_target
packages/vec/main.bend::unpack,bend_definition,101,False,False,520,2.87,0.91,meets_target,586,2.58,0.63,meets_target,871,1.55,0.07,below_target
packages/vec/main.bend::copy_slots,bend_definition,105,False,False,877,2.73,0.75,meets_target,1113,2.27,0.53,uncertain,466,1.86,0.16,below_target
packages/vec/main.bend::allocate,bend_definition,115,False,False,1087,2.6,0.63,meets_target,1003,2.35,0.51,uncertain,384,1.91,0.18,below_target
packages/vec/main.bend::reserve_grow,bend_definition,121,False,False,805,2.77,0.75,meets_target,675,2.54,0.64,meets_target,318,1.96,0.24000000000000002,below_target
packages/vec/main.bend::reserve_limit,bend_definition,129,False,False,842,2.75,0.7070707070707071,meets_target,515,2.62,0.6900000000000001,meets_target,153,2.12,0.32,below_target
packages/vec/main.bend::Vec.reserve,bend_definition,137,False,False,1016,2.64,0.5900000000000001,uncertain,281,2.73,0.78,meets_target,31,2.35,0.45,uncertain
packages/vec/main.bend::push_ready,bend_definition,142,False,False,764,2.79,0.8200000000000001,meets_target,281,2.73,0.77,meets_target,765,1.63,0.07,below_target
packages/vec/main.bend::push_reserved,bend_definition,151,False,False,741,2.8,0.84,meets_target,870,2.42,0.5,uncertain,1121,1.4,0.04,below_target
packages/vec/main.bend::push_if,bend_definition,155,False,False,842,2.75,0.74,meets_target,493,2.63,0.7100000000000001,meets_target,384,1.91,0.22999999999999998,below_target
packages/vec/main.bend::Vec.push,bend_definition,163,False,False,1053,2.62,0.56,uncertain,209,2.77,0.8,meets_target,11,2.47,0.53,uncertain
packages/vec/main.bend::pop_if,bend_definition,168,False,False,657,2.83,0.81,meets_target,1049,2.32,0.51,uncertain,835,1.57,0.11,below_target
packages/vec/main.bend::Vec.pop,bend_definition,177,False,False,486,2.88,0.8200000000000001,meets_target,493,2.63,0.71,meets_target,299,1.98,0.23,below_target
packages/vec/main.bend::prepend_slot,bend_definition,182,False,False,96,3.01,0.99,meets_target,281,2.73,0.75,meets_target,823,1.58,0.05,below_target
packages/vec/main.bend::collect,bend_definition,190,False,False,550,2.86,0.8400000000000001,meets_target,891,2.41,0.59,uncertain,173,2.1,0.3,below_target
packages/vec/main.bend::slice_collected,bend_definition,201,False,False,1111,2.59,0.72,meets_target,1445,2.06,0.4,below_target,1098,1.42,0.08999999999999998,below_target
packages/vec/main.bend::list_collected,bend_definition,206,False,False,913,2.71,0.8,meets_target,1438,2.07,0.4,below_target,1296,1.26,0.05,below_target
packages/vec/main.bend::slice_if,bend_definition,211,False,False,825,2.76,0.75,meets_target,706,2.52,0.62,meets_target,280,2,0.26,below_target
packages/vec/main.bend::Vec.slice,bend_definition,219,False,False,1087,2.6,0.5800000000000001,uncertain,515,2.62,0.7000000000000001,meets_target,102,2.19,0.35000000000000003,below_target
packages/vec/main.bend::Vec.to_list,bend_definition,224,False,False,805,2.77,0.7200000000000001,meets_target,765,2.48,0.63,meets_target,161,2.11,0.31,below_target
packages/vec/model.bend::Op,bend_datatype,4,False,False,1391,2.39,0.47000000000000003,uncertain,85,2.86,0.8484848484848485,meets_target,280,2,0.18,below_target
packages/vec/model.bend::Observation,bend_datatype,13,True,False,1611,2.05,0.35000000000000003,below_target,979,2.36,0.47,uncertain,623,1.75,0.10999999999999997,below_target
packages/vec/model.bend::State,bend_datatype,22,True,False,975,2.67,0.71,meets_target,687,2.53,0.61,meets_target,400,1.9,0.14,below_target
packages/vec/model.bend::length,bend_definition,25,False,False,212,2.96,0.97,meets_target,1342,2.15,0.24,below_target,1505,1.05,0,below_target
packages/vec/model.bend::append,bend_definition,28,False,False,486,2.88,0.8899999999999999,meets_target,706,2.52,0.62,meets_target,1140,1.39,0.02,below_target
packages/vec/model.bend::get,bend_definition,35,False,False,190,2.97,0.93,meets_target,124,2.83,0.8300000000000001,meets_target,948,1.51,0.04,below_target
packages/vec/model.bend::set,bend_definition,46,False,False,245,2.95,0.92,meets_target,136,2.82,0.8181818181818181,meets_target,1140,1.39,0.01,below_target
packages/vec/model.bend::pop_tail,bend_definition,57,False,False,842,2.75,0.8300000000000001,meets_target,1304,2.17,0.43,uncertain,1191,1.36,0.04,below_target
packages/vec/model.bend::pop,bend_definition,61,False,False,1136,2.57,0.65,meets_target,1342,2.15,0.46,uncertain,682,1.7,0.11,below_target
packages/vec/model.bend::popped,bend_definition,72,False,False,1072,2.61,0.77,meets_target,1202,2.21,0.44,uncertain,1350,1.21,0.02,below_target
packages/vec/model.bend::push_if,bend_definition,76,False,False,354,2.92,0.93,meets_target,76,2.87,0.86,meets_target,551,1.8,0.10000000000000002,below_target
packages/vec/model.bend::set_if,bend_definition,83,False,False,425,2.9,0.91,meets_target,124,2.83,0.8200000000000001,meets_target,717,1.68,0.05,below_target
packages/vec/model.bend::swap_if,bend_definition,90,False,False,622,2.84,0.84,meets_target,59,2.88,0.87,meets_target,747,1.65,0.06,below_target
packages/vec/model.bend::reserve_if,bend_definition,97,False,False,953,2.68,0.79,meets_target,475,2.64,0.6900000000000001,meets_target,1043,1.45,0.03,below_target
packages/vec/model.bend::slice_if,bend_definition,104,False,False,1053,2.62,0.7,meets_target,870,2.42,0.56,uncertain,835,1.57,0.05,below_target
packages/vec/model.bend::step,bend_definition,111,False,False,1403,2.38,0.41000000000000003,uncertain,25,2.93,0.91,meets_target,43,2.32,0.38,below_target
packages/vec/model.bend::list_eq,bend_definition,130,False,False,1176,2.55,0.61,meets_target,174,2.79,0.8,meets_target,1110,1.41,0.01,below_target
packages/vec/model.bend::obs_eq,bend_definition,145,False,False,1724,1.5,0.11000000000000001,below_target,633,2.56,0.66,meets_target,871,1.55,0.02,below_target
packages/vec/observations.bend::vector,bend_definition,6,False,False,913,2.71,0.8300000000000001,meets_target,1554,1.92,0.25,below_target,1296,1.26,0.03,below_target
packages/vec/observations.bend::contents_pair,bend_definition,10,False,False,454,2.89,0.92,meets_target,1135,2.25,0.38,below_target,1480,1.08,0,below_target
packages/vec/observations.bend::contents,bend_definition,14,False,False,825,2.76,0.76,meets_target,958,2.37,0.51,uncertain,610,1.76,0.17,below_target
packages/vec/observations.bend::result,bend_definition,17,False,False,1003,2.65,0.8,meets_target,1574,1.88,0.21,below_target,1505,1.05,0,below_target
packages/vec/observations.bend::unit_result,bend_definition,21,False,False,893,2.72,0.85,meets_target,1574,1.88,0.21,below_target,1514,1.04,0,below_target
packages/vec/observations.bend::slice_result,bend_definition,25,False,False,1448,2.33,0.66,meets_target,1703,1.55,0.13,below_target,1555,0.98,0,below_target
packages/vec/observations.bend::metadata,bend_definition,29,False,False,279,2.94,0.9595959595959596,meets_target,1423,2.09,0.26,below_target,1541,1,0,below_target
packages/vec/observations.bend::pop_contents,bend_definition,33,False,False,805,2.77,0.84,meets_target,1394,2.12,0.36000000000000004,below_target,1033,1.46,0.07,below_target
packages/vec/observations.bend::unit_contents,bend_definition,37,False,False,913,2.71,0.8,meets_target,1342,2.15,0.35000000000000003,below_target,948,1.51,0.08,below_target
packages/vec/observations.bend::one,bend_definition,41,False,False,716,2.81,0.85,meets_target,1049,2.32,0.47000000000000003,uncertain,1015,1.47,0.08000000000000002,below_target
packages/vec/observations.bend::two,bend_definition,44,False,False,550,2.86,0.86,meets_target,1003,2.35,0.51,uncertain,682,1.7,0.13,below_target
packages/vec/observations.bend::three,bend_definition,47,True,False,550,2.86,0.8300000000000001,meets_target,309,2.72,0.76,meets_target,211,2.06,0.25,below_target
packages/vec/observations.bend::five,bend_definition,50,True,False,975,2.67,0.67,meets_target,633,2.56,0.67,meets_target,310,1.97,0.21000000000000002,below_target
packages/vec/observations.bend::value_vector,bend_definition,53,False,False,1136,2.57,0.76,meets_target,1597,1.84,0.18,below_target,1514,1.04,0,below_target
packages/vec/release.bend::main,bend_definition,10,True,False,1547,2.19,0.34,below_target,801,2.46,0.6,meets_target,400,1.9,0.25,below_target
packages/vec/tests/affine_negative.bend::illegal,bend_definition,4,False,False,1087,2.6,0.76,meets_target,1687,1.6,0.25,below_target,1366,1.19,0.06,below_target
packages/vec/tests/element_negative.bend::illegal,bend_definition,4,False,False,1442,2.34,0.65,meets_target,1612,1.81,0.15,below_target,1549,0.99,0.01,below_target
packages/vec/tests/remote_consumer.bend::read,bend_definition,5,False,False,953,2.68,0.79,meets_target,1342,2.15,0.36,below_target,1273,1.28,0.02,below_target
packages/vec/tests/remote_consumer.bend::pushed,bend_definition,11,False,False,1234,2.5,0.7000000000000001,meets_target,1518,1.98,0.33,below_target,1319,1.24,0.02,below_target
packages/vec/tests/remote_consumer.bend::main,bend_definition,15,False,False,1467,2.31,0.53,uncertain,1560,1.91,0.3,below_target,1225,1.33,0.05,below_target
packages/vec/trace.bend::err,bend_definition,5,False,False,893,2.72,0.8,meets_target,25,2.93,0.8899999999999999,meets_target,623,1.75,0.06,below_target
packages/vec/trace.bend::unit_result,bend_definition,12,False,False,354,2.92,0.93,meets_target,475,2.64,0.68,meets_target,1121,1.4,0.02,below_target
packages/vec/trace.bend::value_result,bend_definition,17,False,False,393,2.91,0.92,meets_target,281,2.73,0.74,meets_target,982,1.49,0.03,below_target
packages/vec/trace.bend::data_list,bend_definition,22,False,False,23,3.1,0.99,meets_target,229,2.76,0.77,meets_target,1225,1.33,0.02,below_target
packages/vec/trace.bend::list_result,bend_definition,27,False,False,716,2.81,0.8200000000000001,meets_target,309,2.72,0.74,meets_target,1015,1.47,0.03,below_target
packages/vec/trace.bend::unit_pair,bend_definition,32,False,False,393,2.91,0.91,meets_target,309,2.72,0.75,meets_target,400,1.9,0.13,below_target
packages/vec/trace.bend::value_pair,bend_definition,36,False,False,354,2.92,0.92,meets_target,309,2.72,0.75,meets_target,481,1.85,0.11,below_target
packages/vec/trace.bend::list_pair,bend_definition,40,False,False,393,2.91,0.91,meets_target,633,2.56,0.62,meets_target,809,1.59,0.07,below_target
packages/vec/trace.bend::step,bend_definition,44,True,False,1087,2.6,0.62,meets_target,11,2.98,0.93,meets_target,27,2.37,0.43,uncertain
packages/vec/trace.bend::Snapshot,bend_datatype,54,True,False,1318,2.44,0.52,uncertain,1016,2.34,0.54,uncertain,753,1.64,0.06,below_target
packages/vec/trace.bend::snapshot_limit,bend_definition,57,False,False,805,2.77,0.85,meets_target,1533,1.95,0.36,below_target,1319,1.24,0.03,below_target
packages/vec/trace.bend::snapshot_cap,bend_definition,61,False,False,245,2.95,0.9400000000000001,meets_target,515,2.62,0.6900000000000001,meets_target,982,1.49,0.04,below_target
packages/vec/trace.bend::snapshot_len,bend_definition,65,False,False,741,2.8,0.8,meets_target,263,2.74,0.77,meets_target,704,1.69,0.09,below_target
packages/vec/trace.bend::snapshot_list,bend_definition,69,False,False,842,2.75,0.7,meets_target,209,2.77,0.81,meets_target,451,1.87,0.18000000000000002,below_target
packages/vec/trace.bend::snapshot,bend_definition,73,False,False,1184,2.54,0.54,uncertain,475,2.64,0.7100000000000001,meets_target,318,1.96,0.24242424242424246,below_target
packages/vec/trace.bend::state_eq,bend_definition,76,False,False,1747,1.28,0.11000000000000001,below_target,1738,1.41,0.19,below_target,1033,1.46,0.07999999999999999,below_target
packages/vec/trace.bend::capacity_ok,bend_definition,87,False,False,486,2.88,0.88,meets_target,59,2.88,0.86,meets_target,704,1.69,0.07,below_target
packages/vec/trace.bend::capacity_need,bend_definition,94,False,False,550,2.86,0.85,meets_target,246,2.75,0.78,meets_target,747,1.65,0.08000000000000002,below_target
packages/vec/trace.bend::capacity_op,bend_definition,97,False,False,790,2.78,0.76,meets_target,59,2.88,0.87,meets_target,384,1.91,0.14,below_target
packages/vec/trace.bend::compare_step,bend_definition,109,False,False,1087,2.6,0.6,meets_target,784,2.47,0.62,meets_target,318,1.96,0.23,below_target
packages/vec/trace.bend::run_step,bend_definition,116,True,False,842,2.75,0.74,meets_target,633,2.56,0.62,meets_target,451,1.87,0.22,below_target
packages/vec/trace.bend::from_snapshot,bend_definition,122,True,False,975,2.67,0.65,meets_target,455,2.65,0.72,meets_target,77,2.23,0.37,below_target
packages/vec/trace.bend::run,bend_definition,128,True,False,1154,2.56,0.55,uncertain,455,2.65,0.71,meets_target,68,2.26,0.39,below_target
packages/vec/trace.bend::trace,bend_definition,137,True,False,1016,2.64,0.6200000000000001,meets_target,891,2.41,0.595959595959596,uncertain,112,2.18,0.37,below_target
packages/vec/witnesses.bend::inhabited,bend_definition,6,True,False,1778,0.88,0.07,below_target,891,2.41,0.59,uncertain,183,2.09,0.27,below_target
research/adaptive-tasks/LAWS.bend::put_empty,bend_law,5,False,False,354,2.92,0.89,meets_target,281,2.73,0.75,meets_target,299,1.98,0.24000000000000002,below_target
research/adaptive-tasks/LAWS.bend::put_full,bend_law,9,False,False,764,2.79,0.79,meets_target,801,2.46,0.6262626262626264,meets_target,318,1.96,0.24,below_target
research/adaptive-tasks/LAWS.bend::take_full,bend_law,14,False,False,69,3.03,0.9,meets_target,97,2.85,0.83,meets_target,183,2.09,0.3,below_target
research/adaptive-tasks/LAWS.bend::take_empty,bend_law,18,False,False,34,3.07,0.9595959595959596,meets_target,43,2.9,0.86,meets_target,384,1.91,0.19,below_target
research/adaptive-tasks/LAWS.bend::put_take,bend_law,21,False,False,13,3.13,0.91,meets_target,43,2.9,0.86,meets_target,280,2,0.23,below_target
research/adaptive-tasks/LAWS.bend::take_twice,bend_law,25,False,False,162,2.98,0.87,meets_target,687,2.53,0.65,meets_target,318,1.96,0.22,below_target
research/adaptive-tasks/LAWS.bend::zero_fuel,bend_law,29,False,False,1036,2.63,0.6200000000000001,meets_target,475,2.64,0.73,meets_target,31,2.35,0.45,uncertain
research/adaptive-tasks/LAWS.bend::delivered_absorbs,bend_law,32,False,False,716,2.81,0.75,meets_target,136,2.82,0.81,meets_target,68,2.26,0.38,below_target
research/adaptive-tasks/LAWS.bend::one_tick,bend_law,37,False,False,354,2.92,0.77,meets_target,475,2.64,0.7100000000000001,meets_target,43,2.32,0.45999999999999996,uncertain
research/adaptive-tasks/LAWS.bend::binary_order,bend_law,43,False,False,486,2.88,0.75,meets_target,263,2.74,0.76,meets_target,22,2.39,0.49,uncertain
research/adaptive-tasks/LAWS.bend::frame_captures,bend_law,48,False,False,657,2.83,0.76,meets_target,415,2.67,0.71,meets_target,125,2.16,0.36,below_target
research/adaptive-tasks/LAWS.bend::fuel_add,bend_law,54,False,False,877,2.73,0.6900000000000001,meets_target,571,2.59,0.65,meets_target,125,2.16,0.37,below_target
research/adaptive-tasks/PROOF.bend::L.put_empty,bend_law_fill,5,False,False,1832,0.4,0.09,below_target,1864,0.39,0.04,below_target,1857,0.18,0,below_target
research/adaptive-tasks/PROOF.bend::L.put_full,bend_law_fill,6,False,False,1854,0.27,0.04,below_target,1850,0.47,0.03,below_target,1849,0.23,0,below_target
research/adaptive-tasks/PROOF.bend::L.take_full,bend_law_fill,7,False,False,1882,0.17,0.03,below_target,1879,0.3,0.02,below_target,1864,0.14,0.01,below_target
research/adaptive-tasks/PROOF.bend::L.take_empty,bend_law_fill,8,False,False,1873,0.21,0.03,below_target,1873,0.34,0.02,below_target,1867,0.13,0,below_target
research/adaptive-tasks/PROOF.bend::L.put_take,bend_law_fill,9,False,False,1854,0.27,0.04,below_target,1860,0.41,0.05,below_target,1838,0.28,0.01,below_target
research/adaptive-tasks/PROOF.bend::L.take_twice,bend_law_fill,10,False,False,1864,0.24,0.05,below_target,1883,0.29,0.04,below_target,1846,0.24,0.02,below_target
research/adaptive-tasks/PROOF.bend::L.zero_fuel,bend_law_fill,11,False,False,1827,0.41,0.09,below_target,1834,0.62,0.07,below_target,1839,0.27,0.01,below_target
research/adaptive-tasks/PROOF.bend::L.delivered_absorbs,bend_law_fill,12,False,False,1770,0.93,0.18,below_target,1762,1.3,0.18000000000000002,below_target,1663,0.9,0.02,below_target
research/adaptive-tasks/PROOF.bend::L.one_tick,bend_law_fill,16,False,False,1821,0.45,0.1,below_target,1823,0.78,0.13,below_target,1821,0.48,0.02,below_target
research/adaptive-tasks/PROOF.bend::L.binary_order,bend_law_fill,17,False,False,1876,0.19,0.02,below_target,1864,0.39,0.05,below_target,1849,0.23,0.01,below_target
research/adaptive-tasks/PROOF.bend::L.frame_captures,bend_law_fill,18,False,False,1854,0.27,0.05,below_target,1846,0.51,0.06,below_target,1842,0.26,0.01,below_target
research/adaptive-tasks/PROOF.bend::L.fuel_add,bend_law_fill,19,False,False,1254,2.49,0.5800000000000001,uncertain,1319,2.16,0.46,uncertain,348,1.94,0.23,below_target
research/adaptive-tasks/conformance.bend::show_observation,bend_definition,5,False,False,486,2.88,0.92,meets_target,891,2.41,0.48,uncertain,1469,1.09,0,below_target
research/adaptive-tasks/conformance.bend::sample,bend_definition,9,False,False,1360,2.41,0.65,meets_target,831,2.44,0.54,uncertain,738,1.66,0.17,below_target
research/adaptive-tasks/conformance.bend::show_put,bend_definition,12,False,False,1694,1.63,0.2,below_target,1518,1.98,0.3,below_target,1121,1.4,0.02,below_target
research/adaptive-tasks/conformance.bend::show_take,bend_definition,19,False,False,1690,1.64,0.2,below_target,765,2.48,0.58,uncertain,638,1.74,0.1,below_target
research/adaptive-tasks/conformance.bend::main,bend_definition,26,True,False,1547,2.19,0.38,below_target,1187,2.22,0.48,uncertain,233,2.04,0.27,below_target
research/adaptive-tasks/fixtures.bend::main,bend_definition,4,False,False,975,2.67,0.65,meets_target,76,2.87,0.8600000000000001,meets_target,43,2.32,0.43,uncertain
research/adaptive-tasks/oracle.bend::Program,bend_datatype,4,True,False,425,2.9,0.8300000000000001,meets_target,15,2.96,0.9099999999999999,meets_target,173,2.1,0.25,below_target
research/adaptive-tasks/oracle.bend::iterate,bend_definition,9,False,False,53,3.05,0.96,meets_target,309,2.72,0.73,meets_target,893,1.54,0.06,below_target
research/adaptive-tasks/oracle.bend::eval,bend_definition,14,False,False,354,2.92,0.8699999999999999,meets_target,6,2.99,0.9400000000000001,meets_target,266,2.01,0.2,below_target
research/adaptive-tasks/oracle.bend::balanced,bend_definition,20,False,False,34,3.07,0.8899999999999999,meets_target,59,2.88,0.8600000000000001,meets_target,173,2.1,0.21,below_target
research/adaptive-tasks/oracle.bend::chain,bend_definition,25,False,False,111,3,0.92,meets_target,415,2.67,0.7100000000000001,meets_target,440,1.88,0.12,below_target
research/adaptive-tasks/oracle.bend::json,bend_definition,30,False,False,1184,2.54,0.62,meets_target,187,2.78,0.8,meets_target,765,1.63,0.02,below_target
research/adaptive-tasks/oracle.bend::record,bend_definition,39,False,False,1195,2.53,0.61,meets_target,910,2.4,0.52,uncertain,728,1.67,0.10000000000000002,below_target
research/adaptive-tasks/slot.bend::Slot,bend_datatype,4,False,False,34,3.07,0.9400000000000001,meets_target,37,2.91,0.87,meets_target,372,1.92,0.14,below_target
research/adaptive-tasks/slot.bend::Put,bend_datatype,8,False,False,315,2.93,0.86,meets_target,37,2.91,0.89,meets_target,211,2.06,0.2,below_target
research/adaptive-tasks/slot.bend::Take,bend_datatype,12,False,False,622,2.84,0.8,meets_target,151,2.81,0.8200000000000001,meets_target,223,2.05,0.21,below_target
research/adaptive-tasks/slot.bend::put,bend_definition,16,False,False,96,3.01,0.95,meets_target,19,2.95,0.89,meets_target,183,2.09,0.25,below_target
research/adaptive-tasks/slot.bend::take,bend_definition,21,False,False,1087,2.6,0.71,meets_target,687,2.53,0.6666666666666666,meets_target,243,2.03,0.24000000000000002,below_target
research/adaptive-tasks/slot.bend::put_slot,bend_definition,26,False,False,696,2.82,0.87,meets_target,229,2.76,0.78,meets_target,1063,1.44,0.04,below_target
research/adaptive-tasks/slot.bend::take_slot,bend_definition,31,False,False,587,2.85,0.8700000000000001,meets_target,586,2.58,0.66,meets_target,1140,1.39,0.04,below_target
research/adaptive-tasks/task.bend::Payload,bend_datatype,4,True,False,805,2.77,0.77,meets_target,608,2.57,0.64,meets_target,372,1.92,0.19,below_target
research/adaptive-tasks/task.bend::Frame,bend_datatype,7,False,False,1136,2.57,0.61,meets_target,706,2.52,0.59,uncertain,400,1.9,0.1717171717171717,below_target
research/adaptive-tasks/task.bend::Task,bend_datatype,11,False,False,1176,2.55,0.5800000000000001,uncertain,675,2.54,0.62,meets_target,451,1.87,0.17,below_target
research/adaptive-tasks/task.bend::Run,bend_datatype,14,True,False,393,2.91,0.82,meets_target,187,2.78,0.8300000000000001,meets_target,19,2.4,0.47000000000000003,uncertain
research/adaptive-tasks/task.bend::tick,bend_definition,18,False,False,587,2.85,0.9,meets_target,1366,2.14,0.25,below_target,1445,1.11,0.02,below_target
research/adaptive-tasks/task.bend::tick_owned,bend_definition,21,False,False,126,2.99,0.99,meets_target,246,2.75,0.75,meets_target,982,1.49,0.05,below_target
research/adaptive-tasks/task.bend::combine,bend_definition,25,False,False,162,2.98,0.9600000000000001,meets_target,515,2.62,0.63,meets_target,738,1.66,0.08000000000000002,below_target
research/adaptive-tasks/task.bend::unary,bend_definition,29,False,False,126,2.99,0.99,meets_target,174,2.79,0.78,meets_target,1191,1.36,0.02,below_target
research/adaptive-tasks/task.bend::apply,bend_definition,33,False,False,990,2.66,0.68,meets_target,535,2.61,0.67,meets_target,576,1.78,0.10999999999999997,below_target
research/adaptive-tasks/task.bend::step_parts,bend_definition,38,False,False,943,2.69,0.6969696969696969,meets_target,76,2.87,0.8500000000000001,meets_target,139,2.14,0.28,below_target
research/adaptive-tasks/task.bend::step,bend_definition,47,False,False,741,2.8,0.73,meets_target,124,2.83,0.8400000000000001,meets_target,27,2.37,0.45,uncertain
research/adaptive-tasks/task.bend::run,bend_definition,52,False,False,212,2.96,0.84,meets_target,110,2.84,0.83,meets_target,7,2.51,0.5700000000000001,uncertain
research/adaptive-tasks/task.bend::slices,bend_definition,61,False,False,764,2.79,0.77,meets_target,891,2.41,0.5900000000000001,uncertain,77,2.23,0.4,below_target
research/adaptive-tasks/task.bend::start,bend_definition,66,False,False,279,2.94,0.93,meets_target,475,2.64,0.6767676767676768,meets_target,933,1.52,0.09,below_target
research/adaptive-tasks/task.bend::observe_payload,bend_definition,70,False,False,190,2.97,0.98,meets_target,515,2.62,0.64,meets_target,1121,1.4,0.04,below_target
research/adaptive-tasks/task.bend::observe,bend_definition,74,False,False,953,2.68,0.75,meets_target,755,2.49,0.65,meets_target,576,1.78,0.10000000000000002,below_target
research/adaptive-tasks/tests/affine-slot-reuse.bend::take_twice,bend_definition,5,False,False,1136,2.57,0.74,meets_target,1415,2.1,0.43,uncertain,835,1.57,0.05,below_target
research/adaptive-tasks/tests/affine-task-reuse.bend::copy_task,bend_definition,4,False,False,126,2.99,0.9600000000000001,meets_target,831,2.44,0.5800000000000001,uncertain,1015,1.47,0.07,below_target
research/adaptive-tasks/tests/affine-valid.bend::move_once,bend_definition,5,False,False,80,3.02,0.97,meets_target,784,2.47,0.56,uncertain,682,1.7,0.19,below_target
research/adaptive-tasks/tests/affine-valid.bend::extract_once,bend_definition,7,False,False,126,2.99,0.98,meets_target,927,2.39,0.51,uncertain,1098,1.42,0.04,below_target
research/execution-models/LAWS.bend::first_left,bend_law,6,False,False,212,2.96,0.92,meets_target,21,2.94,0.87,meets_target,92,2.21,0.36,below_target
research/execution-models/LAWS.bend::first_right,bend_law,10,False,False,96,3.01,0.9400000000000001,meets_target,37,2.91,0.86,meets_target,61,2.28,0.4,below_target
research/execution-models/LAWS.bend::finish_left,bend_law,14,False,False,80,3.02,0.9400000000000001,meets_target,25,2.93,0.87,meets_target,77,2.23,0.38,below_target
research/execution-models/LAWS.bend::finish_right,bend_law,19,False,False,42,3.06,0.96,meets_target,6,2.99,0.9,meets_target,43,2.32,0.42,uncertain
research/execution-models/LAWS.bend::duplicate_left,bend_law,24,False,False,162,2.98,0.91,meets_target,151,2.81,0.8,meets_target,211,2.06,0.28,below_target
research/execution-models/LAWS.bend::duplicate_right,bend_law,29,False,False,80,3.02,0.9,meets_target,59,2.88,0.83,meets_target,183,2.09,0.29000000000000004,below_target
research/execution-models/LAWS.bend::ready_left,bend_law,34,False,False,741,2.8,0.81,meets_target,209,2.77,0.79,meets_target,102,2.19,0.36,below_target
research/execution-models/LAWS.bend::ready_right,bend_law,40,False,False,587,2.85,0.81,meets_target,263,2.74,0.7676767676767677,meets_target,125,2.16,0.33,below_target
research/execution-models/LAWS.bend::taken_left,bend_law,46,False,False,354,2.92,0.87,meets_target,229,2.76,0.78,meets_target,161,2.11,0.32,below_target
research/execution-models/LAWS.bend::taken_right,bend_law,50,False,False,279,2.94,0.89,meets_target,136,2.82,0.8,meets_target,183,2.09,0.3,below_target
research/execution-models/LAWS.bend::take_open,bend_law,54,False,False,80,3.02,0.96,meets_target,76,2.87,0.8400000000000001,meets_target,102,2.19,0.35000000000000003,below_target
research/execution-models/LAWS.bend::take_left,bend_law,57,False,False,425,2.9,0.8999999999999999,meets_target,374,2.69,0.74,meets_target,338,1.95,0.22,below_target
research/execution-models/LAWS.bend::take_right,bend_law,61,False,False,245,2.95,0.9,meets_target,263,2.74,0.76,meets_target,290,1.99,0.23,below_target
research/execution-models/LAWS.bend::take_ready,bend_law,65,False,False,245,2.95,0.9,meets_target,50,2.89,0.85,meets_target,148,2.13,0.32,below_target
research/execution-models/LAWS.bend::take_taken,bend_law,70,False,False,393,2.91,0.88,meets_target,309,2.72,0.75,meets_target,418,1.89,0.2,below_target
research/execution-models/LAWS.bend::completion_order,bend_law,73,False,False,245,2.95,0.8300000000000001,meets_target,124,2.83,0.84,meets_target,55,2.3,0.45,uncertain
research/execution-models/LAWS.bend::completed_payloads,bend_law,78,False,False,315,2.93,0.7899999999999999,meets_target,415,2.67,0.76,meets_target,37,2.34,0.48,uncertain
research/execution-models/LAWS.bend::second_take,bend_law,83,False,False,425,2.9,0.8300000000000001,meets_target,850,2.43,0.6000000000000001,meets_target,173,2.1,0.31,below_target
research/execution-models/PROOF.bend::Laws.first_left,bend_law_fill,6,False,False,1759,1.06,0.26,below_target,1754,1.34,0.22999999999999998,below_target,1296,1.26,0.1,below_target
research/execution-models/PROOF.bend::Laws.first_right,bend_law_fill,7,False,False,1761,1.04,0.25,below_target,1784,1.11,0.24,below_target,1567,0.96,0.14,below_target
research/execution-models/PROOF.bend::Laws.finish_left,bend_law_fill,8,False,False,1808,0.55,0.12,below_target,1778,1.16,0.24000000000000002,below_target,1772,0.74,0.07070707070707072,below_target
research/execution-models/PROOF.bend::Laws.finish_right,bend_law_fill,9,False,False,1798,0.68,0.16,below_target,1710,1.52,0.33,below_target,1436,1.12,0.11,below_target
research/execution-models/PROOF.bend::Laws.duplicate_left,bend_law_fill,10,False,False,1793,0.71,0.16999999999999998,below_target,1767,1.24,0.26,below_target,1688,0.89,0.08000000000000002,below_target
research/execution-models/PROOF.bend::Laws.duplicate_right,bend_law_fill,11,False,False,1800,0.66,0.15,below_target,1771,1.19,0.25,below_target,1636,0.91,0.06,below_target
research/execution-models/PROOF.bend::Laws.ready_left,bend_law_fill,12,False,False,1811,0.52,0.1,below_target,1778,1.16,0.25,below_target,1769,0.75,0.07,below_target
research/execution-models/PROOF.bend::Laws.ready_right,bend_law_fill,13,False,False,1827,0.41,0.09000000000000001,below_target,1793,1.03,0.21,below_target,1795,0.63,0.06,below_target
research/execution-models/PROOF.bend::Laws.taken_left,bend_law_fill,14,False,False,1770,0.93,0.22999999999999998,below_target,1775,1.17,0.25,below_target,1541,1,0.11000000000000001,below_target
research/execution-models/PROOF.bend::Laws.taken_right,bend_law_fill,15,False,False,1784,0.82,0.2,below_target,1788,1.09,0.23,below_target,1663,0.9,0.11,below_target
research/execution-models/PROOF.bend::Laws.take_open,bend_law_fill,16,False,False,1733,1.46,0.3799999999999999,below_target,1707,1.54,0.32999999999999996,below_target,1310,1.25,0.13,below_target
research/execution-models/PROOF.bend::Laws.take_left,bend_law_fill,17,False,False,1820,0.47,0.09000000000000001,below_target,1822,0.8,0.15000000000000002,below_target,1813,0.54,0.04,below_target
research/execution-models/PROOF.bend::Laws.take_right,bend_law_fill,18,False,False,1802,0.63,0.13,below_target,1799,1,0.21,below_target,1782,0.69,0.06,below_target
research/execution-models/PROOF.bend::Laws.take_ready,bend_law_fill,19,False,False,1812,0.51,0.11,below_target,1788,1.09,0.22,below_target,1688,0.89,0.09,below_target
research/execution-models/PROOF.bend::Laws.take_taken,bend_law_fill,20,False,False,1234,2.5,0.71,meets_target,1423,2.09,0.52,uncertain,851,1.56,0.17,below_target
research/execution-models/PROOF.bend::Laws.completion_order,bend_law_fill,21,False,False,1567,2.16,0.54,uncertain,755,2.49,0.71,meets_target,671,1.71,0.27,below_target
research/execution-models/PROOF.bend::Laws.completed_payloads,bend_law_fill,22,False,False,1592,2.09,0.53,uncertain,1597,1.84,0.45,uncertain,1015,1.47,0.24,below_target
research/execution-models/PROOF.bend::Laws.second_take,bend_law_fill,23,False,False,1810,0.53,0.11,below_target,1814,0.9,0.18,below_target,1785,0.68,0.06,below_target
research/execution-models/conformance.bend::show,bend_definition,4,False,False,1662,1.79,0.18,below_target,334,2.71,0.73,meets_target,704,1.69,0.06,below_target
research/execution-models/conformance.bend::show_update,bend_definition,12,False,False,587,2.85,0.87,meets_target,85,2.86,0.86,meets_target,823,1.58,0.03,below_target
research/execution-models/conformance.bend::show_take,bend_definition,17,False,False,1218,2.51,0.58,uncertain,263,2.74,0.78,meets_target,384,1.91,0.13,below_target
research/execution-models/conformance.bend::main,bend_definition,23,False,False,1504,2.26,0.41000000000000003,uncertain,475,2.64,0.73,meets_target,139,2.14,0.32,below_target
research/execution-models/model.bend::Join,bend_datatype,5,False,False,1053,2.62,0.64,meets_target,281,2.73,0.75,meets_target,254,2.02,0.2,below_target
research/execution-models/model.bend::Update,bend_datatype,12,False,False,1425,2.36,0.5800000000000001,uncertain,891,2.41,0.56,uncertain,466,1.86,0.17,below_target
research/execution-models/model.bend::Taken,bend_datatype,16,False,False,1495,2.27,0.49,uncertain,831,2.44,0.59,uncertain,173,2.1,0.28,below_target
research/execution-models/model.bend::left,bend_definition,21,False,False,1520,2.24,0.43,uncertain,37,2.91,0.87,meets_target,338,1.95,0.17,below_target
research/execution-models/model.bend::right,bend_definition,34,False,False,1638,1.96,0.28,below_target,136,2.82,0.8200000000000001,meets_target,440,1.88,0.15,below_target
research/execution-models/model.bend::state,bend_definition,47,False,False,741,2.8,0.87,meets_target,675,2.54,0.67,meets_target,1191,1.36,0.04,below_target
research/execution-models/model.bend::take,bend_definition,52,False,False,1204,2.52,0.64,meets_target,21,2.94,0.8899999999999999,meets_target,92,2.21,0.33,below_target
research/execution-models/model.bend::after_take,bend_definition,60,False,False,657,2.83,0.86,meets_target,475,2.64,0.7100000000000001,meets_target,966,1.5,0.06,below_target
src/LAWS.bend::empty_source,bend_law,7,False,False,1372,2.4,0.47,uncertain,765,2.48,0.6200000000000001,meets_target,318,1.96,0.28,below_target
src/LAWS.bend::word_source,bend_law,11,False,False,1360,2.41,0.48,uncertain,927,2.39,0.6000000000000001,meets_target,348,1.94,0.27,below_target
src/LAWS.bend::no_character_budget,bend_law,15,False,False,1476,2.3,0.42,uncertain,958,2.37,0.6000000000000001,meets_target,372,1.92,0.26,below_target
src/LAWS.bend::no_parser_budget,bend_law,20,True,False,1372,2.4,0.46,uncertain,742,2.5,0.67,meets_target,8,2.5,0.5800000000000001,uncertain
src/PROOF.bend::L.empty_source,bend_law_fill,4,False,False,1824,0.44,0.06999999999999999,below_target,1807,0.95,0.05,below_target,1789,0.67,0,below_target
src/PROOF.bend::L.word_source,bend_law_fill,9,False,False,1812,0.51,0.09,below_target,1804,0.96,0.09000000000000001,below_target,1799,0.61,0,below_target
src/PROOF.bend::L.no_character_budget,bend_law_fill,14,False,False,1867,0.22,0.04,below_target,1887,0.27,0.02,below_target,1871,0.12,0,below_target
src/PROOF.bend::L.no_parser_budget,bend_law_fill,17,False,False,1842,0.3,0.060000000000000005,below_target,1871,0.35,0.04,below_target,1871,0.12,0,below_target
src/catalog-LAWS.bend::erased_field_has_no_kind_obligation,bend_law,8,False,False,953,2.68,0.75,meets_target,1167,2.23,0.49000000000000005,uncertain,1015,1.47,0.06,below_target
src/catalog-LAWS.bend::data_live_field_requires_data,bend_law,13,False,False,1283,2.47,0.6100000000000001,meets_target,1473,2.03,0.43,uncertain,982,1.49,0.08,below_target
src/catalog-LAWS.bend::reusable_field_requires_data,bend_law,16,False,False,1124,2.58,0.68,meets_target,1462,2.04,0.41,uncertain,1140,1.39,0.05,below_target
src/catalog-LAWS.bend::data_field_preserves_metadata,bend_law,20,False,False,1254,2.49,0.53,uncertain,1049,2.32,0.55,uncertain,338,1.95,0.24000000000000002,below_target
src/catalog-LAWS.bend::field_capability_is_not_acceptance,bend_law,28,False,False,842,2.75,0.76,meets_target,927,2.39,0.595959595959596,uncertain,481,1.85,0.17,below_target
src/catalog-PROOF.bend::L.erased_field_has_no_kind_obligation,bend_law_fill,5,False,False,1834,0.38,0.03,below_target,1757,1.33,0.16,below_target,1549,0.99,0,below_target
src/catalog-PROOF.bend::L.data_live_field_requires_data,bend_law_fill,12,False,False,1827,0.41,0.09999999999999999,below_target,1842,0.55,0.08,below_target,1835,0.29,0.02,below_target
src/catalog-PROOF.bend::L.reusable_field_requires_data,bend_law_fill,15,False,False,1808,0.55,0.06,below_target,1791,1.04,0.08000000000000002,below_target,1778,0.71,0,below_target
src/catalog-PROOF.bend::L.data_field_preserves_metadata,bend_law_fill,20,False,False,1845,0.29,0.03,below_target,1832,0.67,0.04,below_target,1822,0.45,0,below_target
src/catalog-PROOF.bend::L.field_capability_is_not_acceptance,bend_law_fill,25,False,False,1827,0.41,0.0909090909090909,below_target,1837,0.6,0.09999999999999999,below_target,1835,0.29,0.0101010101010101,below_target
src/catalog.bend::TypeRef,bend_datatype,5,True,False,1136,2.57,0.66,meets_target,1016,2.34,0.46,uncertain,783,1.61,0.1,below_target
src/catalog.bend::FunctionRef,bend_datatype,7,False,False,764,2.79,0.8200000000000001,meets_target,675,2.54,0.59,uncertain,871,1.55,0.05,below_target
src/catalog.bend::ConstructorRef,bend_datatype,9,False,False,1391,2.39,0.6,meets_target,1585,1.86,0.27,below_target,1319,1.24,0.01,below_target
src/catalog.bend::named,bend_definition,12,False,False,245,2.95,0.95,meets_target,433,2.66,0.68,meets_target,1169,1.38,0.02,below_target
src/catalog.bend::names,bend_definition,17,False,False,1154,2.56,0.63,meets_target,687,2.53,0.68,meets_target,243,2.03,0.19,below_target
src/catalog.bend::find_type,bend_definition,26,False,False,550,2.86,0.86,meets_target,391,2.68,0.72,meets_target,359,1.93,0.16,below_target
src/catalog.bend::find_function,bend_definition,35,False,False,486,2.88,0.89,meets_target,493,2.63,0.7000000000000001,meets_target,266,2.01,0.2,below_target
src/catalog.bend::constructor_tag,bend_definition,44,False,False,279,2.94,0.92,meets_target,359,2.7,0.76,meets_target,348,1.94,0.16,below_target
src/catalog.bend::constructor_next,bend_definition,50,False,False,1430,2.35,0.63,meets_target,1635,1.76,0.31,below_target,933,1.52,0.05,below_target
src/catalog.bend::find_constructor,bend_definition,55,False,False,741,2.8,0.78,meets_target,654,2.55,0.66,meets_target,280,2,0.19,below_target
src/catalog.bend::constructors,bend_definition,61,False,False,1305,2.45,0.51,uncertain,1261,2.19,0.49,uncertain,77,2.23,0.35000000000000003,below_target
src/catalog.bend::nonempty,bend_definition,70,False,False,393,2.91,0.93,meets_target,687,2.53,0.63,meets_target,966,1.5,0.04,below_target
src/catalog.bend::collect_types,bend_definition,75,False,False,1360,2.41,0.44,uncertain,891,2.41,0.58,uncertain,18,2.41,0.48000000000000004,uncertain
src/catalog.bend::distinct_constructors,bend_definition,86,False,False,716,2.81,0.8,meets_target,891,2.41,0.6,meets_target,233,2.04,0.23,below_target
src/catalog.bend::unique_constructors,bend_definition,92,False,False,657,2.83,0.8,meets_target,374,2.69,0.74,meets_target,173,2.1,0.26,below_target
src/catalog.bend::quantity,bend_definition,98,False,False,1403,2.38,0.54,uncertain,1560,1.91,0.36,below_target,499,1.84,0.17,below_target
src/catalog.bend::parameter_type,bend_definition,104,False,False,930,2.7,0.73,meets_target,1016,2.34,0.54,uncertain,223,2.05,0.25,below_target
src/catalog.bend::parameters,bend_definition,109,False,False,1204,2.52,0.54,uncertain,801,2.46,0.62,meets_target,37,2.34,0.42000000000000004,uncertain
src/catalog.bend::signature,bend_definition,119,False,False,126,2.99,0.98,meets_target,831,2.44,0.49,uncertain,1359,1.2,0.02,below_target
src/catalog.bend::collect_signatures,bend_definition,123,False,False,1273,2.48,0.51,uncertain,755,2.49,0.64,meets_target,51,2.31,0.4,below_target
src/catalog.bend::field_kind,bend_definition,137,False,False,1072,2.61,0.7000000000000001,meets_target,608,2.57,0.66,meets_target,835,1.57,0.05,below_target
src/catalog.bend::field_type,bend_definition,141,False,False,1136,2.57,0.6,meets_target,1319,2.16,0.47000000000000003,uncertain,139,2.14,0.3,below_target
src/catalog.bend::fields,bend_definition,150,False,False,1283,2.47,0.51,uncertain,1032,2.33,0.56,uncertain,70,2.25,0.37,below_target
src/catalog.bend::resolve_constructors,bend_definition,163,False,False,1218,2.51,0.52,uncertain,493,2.63,0.71,meets_target,112,2.18,0.31,below_target
src/catalog.bend::resolve_types,bend_definition,172,False,False,1338,2.43,0.47000000000000003,uncertain,742,2.5,0.62,meets_target,183,2.09,0.27,below_target
src/catalog.bend::catalog,bend_definition,184,True,False,1467,2.31,0.34,below_target,554,2.6,0.71,meets_target,8,2.5,0.55,uncertain
src/check-LAWS.bend::empty_sequence_preserves_uses,bend_law,8,False,False,315,2.93,0.85,meets_target,174,2.79,0.79,meets_target,254,2.02,0.24000000000000002,below_target
src/check-LAWS.bend::repeated_affine_level,bend_law,13,False,False,805,2.77,0.75,meets_target,979,2.36,0.5900000000000001,uncertain,173,2.1,0.31,below_target
src/check-LAWS.bend::live_erased_occurrence,bend_law,17,False,False,657,2.83,0.81,meets_target,586,2.58,0.67,meets_target,318,1.96,0.23,below_target
src/check-LAWS.bend::erased_occurrence_preserves_identity,bend_law,23,False,False,741,2.8,0.78,meets_target,958,2.37,0.5800000000000001,uncertain,372,1.92,0.24000000000000002,below_target
src/check-LAWS.bend::refined_constructor_is_fresh,bend_law,29,False,False,741,2.8,0.78,meets_target,927,2.39,0.5700000000000001,uncertain,359,1.93,0.24000000000000002,below_target
src/check-LAWS.bend::nearest_binding_wins,bend_law,35,False,False,1305,2.45,0.62,meets_target,1482,2.02,0.41000000000000003,uncertain,765,1.63,0.15,below_target
src/check-LAWS.bend::no_checker_budget,bend_law,40,True,False,1547,2.19,0.35,below_target,1342,2.15,0.5,uncertain,254,2.02,0.30000000000000004,below_target
src/check-PROOF.bend::L.empty_sequence_preserves_uses,bend_law_fill,5,False,False,1857,0.26,0.05,below_target,1854,0.45,0.05,below_target,1842,0.26,0.01,below_target
src/check-PROOF.bend::L.repeated_affine_level,bend_law_fill,7,False,False,1876,0.19,0.02,below_target,1869,0.37,0.0303030303030303,below_target,1852,0.22,0.01,below_target
src/check-PROOF.bend::L.live_erased_occurrence,bend_law_fill,9,False,False,1882,0.17,0.02,below_target,1859,0.42,0.04,below_target,1853,0.21,0.01,below_target
src/check-PROOF.bend::L.erased_occurrence_preserves_identity,bend_law_fill,11,False,False,1876,0.19,0.03,below_target,1849,0.48,0.06,below_target,1839,0.27,0.01,below_target
src/check-PROOF.bend::L.refined_constructor_is_fresh,bend_law_fill,13,False,False,1867,0.22,0.04,below_target,1852,0.46,0.05,below_target,1842,0.26,0.01,below_target
src/check-PROOF.bend::L.nearest_binding_wins,bend_law_fill,15,False,False,1867,0.22,0.03,below_target,1854,0.45,0.05,below_target,1853,0.21,0.01,below_target
src/check-PROOF.bend::L.no_checker_budget,bend_law_fill,17,False,False,1875,0.2,0.03,below_target,1864,0.39,0.04,below_target,1878,0.1,0,below_target
src/check-cli.bend::show_tree,bend_definition,10,False,False,1184,2.54,0.62,meets_target,765,2.48,0.5700000000000001,uncertain,851,1.56,0.04,below_target
src/check-cli.bend::show_check,bend_definition,15,False,False,930,2.7,0.6900000000000001,meets_target,174,2.79,0.79,meets_target,223,2.05,0.30000000000000004,below_target
src/check-cli.bend::show_parse,bend_definition,20,True,False,1124,2.58,0.59,uncertain,391,2.68,0.73,meets_target,538,1.81,0.17,below_target
src/check-cli.bend::source,bend_definition,25,True,False,930,2.7,0.72,meets_target,927,2.39,0.54,uncertain,514,1.83,0.25,below_target
src/check-cli.bend::read_result,bend_definition,28,True,False,1111,2.59,0.68,meets_target,1049,2.32,0.44,uncertain,597,1.77,0.23,below_target
src/check-cli.bend::read_pair,bend_definition,33,True,False,1154,2.56,0.65,meets_target,1236,2.2,0.35000000000000003,below_target,835,1.57,0.16999999999999998,below_target
src/check-cli.bend::opened,bend_definition,39,True,False,1338,2.43,0.48,uncertain,958,2.37,0.5,uncertain,348,1.94,0.27,below_target
src/check-cli.bend::open_source,bend_definition,45,True,False,1254,2.49,0.5,uncertain,850,2.43,0.6000000000000001,meets_target,125,2.16,0.38,below_target
src/check-cli.bend::configure,bend_definition,48,True,False,1305,2.45,0.6,meets_target,1495,2.01,0.36,below_target,656,1.72,0.19999999999999998,below_target
src/check-cli.bend::arguments,bend_definition,56,True,False,1372,2.4,0.46,uncertain,706,2.52,0.62,meets_target,266,2.01,0.26,below_target
src/check-cli.bend::main,bend_definition,64,True,False,1513,2.25,0.32,below_target,1049,2.32,0.54,uncertain,514,1.83,0.2,below_target
src/check.bend::Mode,bend_datatype,7,False,False,990,2.66,0.65,meets_target,124,2.83,0.8400000000000001,meets_target,122,2.17,0.35000000000000003,below_target
src/check.bend::expected,bend_definition,12,False,False,315,2.93,0.93,meets_target,554,2.6,0.6900000000000001,meets_target,299,1.98,0.2,below_target
src/check.bend::enum_at,bend_definition,18,False,False,354,2.92,0.91,meets_target,374,2.69,0.72,meets_target,400,1.9,0.15,below_target
src/check.bend::annotation_id,bend_definition,24,False,False,1016,2.64,0.8,meets_target,1456,2.05,0.3,below_target,1403,1.15,0.01,below_target
src/check.bend::annotation,bend_definition,28,False,False,279,2.94,0.92,meets_target,187,2.78,0.79,meets_target,538,1.81,0.13,below_target
src/check.bend::constant,bend_definition,34,False,False,354,2.92,0.92,meets_target,433,2.66,0.71,meets_target,211,2.06,0.25,below_target
src/check.bend::constructor,bend_definition,40,False,False,520,2.87,0.85,meets_target,187,2.78,0.8,meets_target,122,2.17,0.3,below_target
src/check.bend::bound,bend_definition,45,False,False,486,2.88,0.9,meets_target,850,2.43,0.52,uncertain,1178,1.37,0.02,below_target
src/check.bend::callable,bend_definition,51,False,False,1036,2.63,0.67,meets_target,554,2.6,0.7100000000000001,meets_target,43,2.32,0.41000000000000003,uncertain
src/check.bend::call_result,bend_definition,58,False,False,550,2.86,0.89,meets_target,535,2.61,0.67,meets_target,682,1.7,0.1,below_target
src/check.bend::prepend_argument,bend_definition,63,False,False,790,2.78,0.78,meets_target,1095,2.29,0.54,uncertain,153,2.12,0.33,below_target
src/check.bend::let_result,bend_definition,69,False,False,657,2.83,0.81,meets_target,281,2.73,0.76,meets_target,130,2.15,0.32,below_target
src/check.bend::pattern,bend_definition,75,False,False,953,2.68,0.71,meets_target,110,2.84,0.8300000000000001,meets_target,514,1.83,0.12000000000000001,below_target
src/check.bend::pattern_id,bend_definition,82,False,False,1016,2.64,0.7000000000000001,meets_target,1135,2.25,0.53,uncertain,183,2.09,0.28,below_target
src/check.bend::complete_arms,bend_definition,88,False,False,486,2.88,0.91,meets_target,1378,2.13,0.45,uncertain,783,1.61,0.08,below_target
src/check.bend::patterns,bend_definition,93,False,False,1072,2.61,0.61,meets_target,281,2.73,0.78,meets_target,139,2.14,0.29000000000000004,below_target
src/check.bend::prepend_arm,bend_definition,102,False,False,425,2.9,0.91,meets_target,246,2.75,0.78,meets_target,318,1.96,0.18,below_target
src/check.bend::case_result,bend_definition,108,False,False,862,2.74,0.76,meets_target,535,2.61,0.67,meets_target,193,2.08,0.27,below_target
src/check.bend::call_body,bend_definition,115,False,False,825,2.76,0.76,meets_target,136,2.82,0.8300000000000001,meets_target,161,2.11,0.25,below_target
src/check.bend::binding_body,bend_definition,121,False,False,622,2.84,0.8300000000000001,meets_target,209,2.77,0.78,meets_target,102,2.19,0.32,below_target
src/check.bend::match_body,bend_definition,127,True,False,1391,2.39,0.42,uncertain,706,2.52,0.65,meets_target,61,2.28,0.41000000000000003,uncertain
src/check.bend::arm_body,bend_definition,135,False,False,126,2.99,0.97,meets_target,415,2.67,0.67,meets_target,1140,1.39,0.05,below_target
src/check.bend::run,bend_definition,139,True,False,1425,2.36,0.38,below_target,391,2.68,0.76,meets_target,4,2.65,0.6699999999999999,meets_target
src/check.bend::checked_function,bend_definition,177,False,False,354,2.92,0.9494949494949495,meets_target,1069,2.31,0.43,uncertain,1391,1.16,0.01,below_target
src/check.bend::function_body,bend_definition,181,True,False,877,2.73,0.72,meets_target,554,2.6,0.67,meets_target,139,2.14,0.35,below_target
src/check.bend::functions,bend_definition,186,True,False,1360,2.41,0.45,uncertain,608,2.57,0.65,meets_target,130,2.15,0.32,below_target
src/check.bend::enum_constructors,bend_definition,200,False,False,805,2.77,0.79,meets_target,433,2.66,0.71,meets_target,933,1.52,0.03,below_target
src/check.bend::enum_profile,bend_definition,207,False,False,550,2.86,0.86,meets_target,891,2.41,0.55,uncertain,835,1.57,0.03,below_target
src/check.bend::resolved,bend_definition,213,True,False,1234,2.5,0.52,uncertain,687,2.53,0.61,meets_target,254,2.02,0.25,below_target
src/check.bend::check,bend_definition,219,True,False,1454,2.32,0.4,below_target,1069,2.31,0.52,uncertain,130,2.15,0.33999999999999997,below_target
src/checked-display.bend::term,bend_definition,7,False,False,1562,2.17,0.31,below_target,571,2.59,0.7000000000000001,meets_target,70,2.25,0.37,below_target
src/checked-display.bend::parameter,bend_definition,25,False,False,315,2.93,0.95,meets_target,784,2.47,0.5,uncertain,1319,1.24,0,below_target
src/checked-display.bend::parameters,bend_definition,29,False,False,790,2.78,0.78,meets_target,263,2.74,0.76,meets_target,1033,1.46,0.01,below_target
src/checked-display.bend::functions,bend_definition,35,False,False,1254,2.49,0.51,uncertain,229,2.76,0.79,meets_target,51,2.31,0.39,below_target
src/checked-display.bend::book,bend_definition,41,False,False,1195,2.53,0.53,uncertain,455,2.65,0.73,meets_target,67,2.27,0.37,below_target
src/compile-cli.bend::Options,bend_datatype,7,False,False,1072,2.61,0.6900000000000001,meets_target,1003,2.35,0.54,uncertain,576,1.78,0.14,below_target
src/compile-cli.bend::written,bend_definition,10,False,False,1218,2.51,0.67,meets_target,1423,2.09,0.32,below_target,1191,1.36,0.03,below_target
src/compile-cli.bend::write_pair,bend_definition,15,False,False,1016,2.64,0.7,meets_target,979,2.36,0.48,uncertain,966,1.5,0.06,below_target
src/compile-cli.bend::output_opened,bend_definition,21,False,False,1218,2.51,0.5555555555555556,uncertain,801,2.46,0.59,uncertain,359,1.93,0.19,below_target
src/compile-cli.bend::emitted,bend_definition,28,False,False,1360,2.41,0.46,uncertain,1095,2.29,0.54,uncertain,266,2.01,0.26,below_target
src/compile-cli.bend::compile,bend_definition,34,True,False,1154,2.56,0.56,uncertain,281,2.73,0.77,meets_target,10,2.49,0.55,uncertain
src/compile-cli.bend::configured,bend_definition,38,True,False,1338,2.43,0.54,uncertain,943,2.38,0.56,uncertain,451,1.87,0.18,below_target
src/compile-cli.bend::budgets,bend_definition,47,False,False,741,2.8,0.81,meets_target,654,2.55,0.68,meets_target,451,1.87,0.15,below_target
src/compile-cli.bend::arguments,bend_definition,54,True,False,1154,2.56,0.61,meets_target,455,2.65,0.72,meets_target,92,2.21,0.37,below_target
src/compile-cli.bend::main,bend_definition,62,True,False,1318,2.44,0.46,uncertain,815,2.45,0.61,meets_target,359,1.93,0.27,below_target
src/core.bend::Constructor,bend_datatype,4,False,False,877,2.73,0.76,meets_target,687,2.53,0.57,uncertain,1121,1.4,0.04,below_target
src/core.bend::Datatype,bend_datatype,6,False,False,953,2.68,0.6300000000000001,meets_target,174,2.79,0.8,meets_target,481,1.85,0.16,below_target
src/core.bend::Parameter,bend_datatype,8,False,False,842,2.75,0.75,meets_target,608,2.57,0.63,meets_target,851,1.56,0.08,below_target
src/core.bend::Signature,bend_datatype,10,False,False,1016,2.64,0.65,meets_target,675,2.54,0.62,meets_target,809,1.59,0.08000000000000002,below_target
src/core.bend::Catalog,bend_datatype,12,False,False,1111,2.59,0.5800000000000001,uncertain,309,2.72,0.76,meets_target,481,1.85,0.15,below_target
src/core.bend::Term,bend_datatype,17,False,False,1003,2.65,0.64,meets_target,43,2.9,0.88,meets_target,318,1.96,0.18,below_target
src/core.bend::Function,bend_datatype,25,False,False,1124,2.58,0.5900000000000001,uncertain,359,2.7,0.74,meets_target,656,1.72,0.15000000000000002,below_target
src/core.bend::Book,bend_datatype,27,False,False,1003,2.65,0.6100000000000001,meets_target,263,2.74,0.78,meets_target,400,1.9,0.17,below_target
src/core.bend::Binding,bend_datatype,29,False,False,1254,2.49,0.59,uncertain,1113,2.27,0.44,uncertain,1110,1.41,0.04,below_target
src/core.bend::Checked,bend_datatype,31,False,False,1454,2.32,0.44,uncertain,1121,2.26,0.45,uncertain,893,1.54,0.07,below_target
src/core.bend::invalid,bend_definition,34,False,False,842,2.75,0.87,meets_target,1462,2.04,0.27,below_target,1555,0.98,0,below_target
src/core.bend::unsupported,bend_definition,36,False,False,454,2.89,0.93,meets_target,1106,2.28,0.38,below_target,1497,1.06,0,below_target
src/core.bend::exhausted,bend_definition,38,False,False,315,2.93,0.95,meets_target,1016,2.34,0.46,uncertain,1391,1.16,0.01,below_target
src/core.bend::internal,bend_definition,40,False,False,1345,2.42,0.73,meets_target,1654,1.7,0.14,below_target,1573,0.95,0,below_target
src/diagnostic.bend::location,bend_definition,4,False,False,1072,2.61,0.75,meets_target,1342,2.15,0.3,below_target,1416,1.14,0,below_target
src/diagnostic.bend::error,bend_definition,9,False,False,1651,1.87,0.21,below_target,334,2.71,0.75,meets_target,682,1.7,0.03,below_target
src/diagnostic.bend::status,bend_definition,17,False,False,1697,1.62,0.31,below_target,910,2.4,0.51,uncertain,1310,1.25,0,below_target
src/diagnostic.bend::concat,bend_definition,25,False,False,212,2.96,0.92,meets_target,187,2.78,0.81,meets_target,202,2.07,0.24000000000000002,below_target
src/diagnostic.bend::annotation,bend_definition,32,False,False,212,2.96,0.96,meets_target,687,2.53,0.58,uncertain,1253,1.3,0.02,below_target
src/diagnostic.bend::tree,bend_definition,38,False,False,1305,2.45,0.5,uncertain,169,2.8,0.8200000000000001,meets_target,77,2.23,0.3434343434343435,below_target
src/driver.bend::Limits,bend_datatype,9,True,False,1016,2.64,0.68,meets_target,801,2.46,0.54,uncertain,791,1.6,0.06,below_target
src/driver.bend::fail,bend_definition,12,False,False,741,2.8,0.8200000000000001,meets_target,359,2.7,0.7100000000000001,meets_target,1000,1.48,0.06,below_target
src/driver.bend::checked,bend_definition,15,False,False,245,2.95,0.95,meets_target,85,2.86,0.85,meets_target,809,1.59,0.05,below_target
src/driver.bend::parsed,bend_definition,20,True,False,764,2.79,0.8,meets_target,742,2.5,0.6,meets_target,514,1.83,0.18000000000000002,below_target
src/driver.bend::source,bend_definition,25,True,False,790,2.78,0.75,meets_target,415,2.67,0.72,meets_target,23,2.38,0.48,uncertain
src/driver.bend::read_result,bend_definition,30,True,False,1087,2.6,0.7000000000000001,meets_target,1394,2.12,0.36,below_target,466,1.86,0.28,below_target
src/driver.bend::read_pair,bend_definition,35,True,False,1053,2.62,0.7100000000000001,meets_target,1366,2.14,0.3,below_target,597,1.77,0.25,below_target
src/driver.bend::opened,bend_definition,41,True,False,1273,2.48,0.51,uncertain,1016,2.34,0.48000000000000004,uncertain,280,2,0.29000000000000004,below_target
src/driver.bend::load,bend_definition,46,True,False,1295,2.46,0.45999999999999996,uncertain,943,2.38,0.5800000000000001,uncertain,61,2.28,0.44,uncertain
src/driver.bend::natural,bend_definition,49,False,False,425,2.9,0.91,meets_target,415,2.67,0.72,meets_target,481,1.85,0.14000000000000004,below_target
src/driver.bend::ordinal,bend_definition,55,False,False,764,2.79,0.86,meets_target,1003,2.35,0.45,uncertain,1286,1.27,0.02,below_target
src/driver.bend::ordinals,bend_definition,60,False,False,520,2.87,0.86,meets_target,1082,2.3,0.5,uncertain,753,1.64,0.07,below_target
src/eval-cli.bend::Request,bend_datatype,7,False,False,930,2.7,0.75,meets_target,870,2.42,0.56,uncertain,551,1.8,0.17,below_target
src/eval-cli.bend::print,bend_definition,10,False,False,741,2.8,0.82,meets_target,309,2.72,0.72,meets_target,851,1.56,0.05,below_target
src/eval-cli.bend::evaluated,bend_definition,15,False,False,862,2.74,0.77,meets_target,493,2.63,0.66,meets_target,671,1.71,0.13,below_target
src/eval-cli.bend::evaluate,bend_definition,20,True,False,1283,2.47,0.47,uncertain,706,2.52,0.65,meets_target,75,2.24,0.4,below_target
src/eval-cli.bend::configured,bend_definition,24,True,False,1003,2.65,0.68,meets_target,209,2.77,0.78,meets_target,372,1.92,0.19,below_target
src/eval-cli.bend::arguments,bend_definition,29,True,False,953,2.68,0.6900000000000001,meets_target,633,2.56,0.66,meets_target,23,2.38,0.48,uncertain
src/eval-cli.bend::main,bend_definition,36,True,False,1234,2.5,0.52,uncertain,1069,2.31,0.53,uncertain,359,1.93,0.27,below_target
src/eval.bend::Value,bend_datatype,6,True,False,1087,2.6,0.7100000000000001,meets_target,1319,2.16,0.34,below_target,933,1.52,0.13,below_target
src/eval.bend::Entry,bend_datatype,8,False,False,1482,2.29,0.51,uncertain,1612,1.81,0.3,below_target,933,1.52,0.08,below_target
src/eval.bend::Frame,bend_datatype,10,False,False,1567,2.16,0.35000000000000003,below_target,1167,2.23,0.45,uncertain,1000,1.48,0.04,below_target
src/eval.bend::State,bend_datatype,13,True,False,1087,2.6,0.6000000000000001,meets_target,85,2.86,0.8600000000000001,meets_target,13,2.44,0.52,uncertain
src/eval.bend::internal,bend_definition,19,True,False,190,2.97,0.9299999999999999,meets_target,870,2.42,0.5,uncertain,1043,1.45,0.07,below_target
src/eval.bend::host,bend_definition,22,False,False,716,2.81,0.87,meets_target,1445,2.06,0.29000000000000004,below_target,1242,1.31,0.06,below_target
src/eval.bend::lookup,bend_definition,25,False,False,245,2.95,0.9400000000000001,meets_target,515,2.62,0.7000000000000001,meets_target,310,1.97,0.21000000000000002,below_target
src/eval.bend::function_at,bend_definition,31,False,False,1072,2.61,0.6969696969696969,meets_target,1366,2.14,0.44,uncertain,538,1.81,0.14,below_target
src/eval.bend::function_named,bend_definition,37,False,False,696,2.82,0.8300000000000001,meets_target,687,2.53,0.63,meets_target,610,1.76,0.11,below_target
src/eval.bend::select,bend_definition,45,False,False,162,2.98,0.9600000000000001,meets_target,50,2.89,0.87,meets_target,153,2.12,0.27,below_target
src/eval.bend::select_value,bend_definition,52,False,False,315,2.93,0.93,meets_target,586,2.58,0.62,meets_target,823,1.58,0.08000000000000002,below_target
src/eval.bend::enter,bend_definition,56,False,False,245,2.95,0.9400000000000001,meets_target,706,2.52,0.61,meets_target,893,1.54,0.12,below_target
src/eval.bend::enum_tag,bend_definition,60,False,False,1136,2.57,0.63,meets_target,1202,2.21,0.47000000000000003,uncertain,466,1.86,0.16,below_target
src/eval.bend::host_argument,bend_definition,67,False,False,790,2.78,0.79,meets_target,723,2.51,0.61,meets_target,565,1.79,0.14,below_target
src/eval.bend::drop_argument,bend_definition,73,False,False,111,3,0.98,meets_target,571,2.59,0.61,meets_target,1366,1.19,0.02,below_target
src/eval.bend::step,bend_definition,80,False,False,1176,2.55,0.54,uncertain,76,2.87,0.87,meets_target,5,2.62,0.63,meets_target
src/eval.bend::run,bend_definition,115,False,False,1184,2.54,0.55,uncertain,554,2.6,0.7100000000000001,meets_target,19,2.4,0.48,uncertain
src/eval.bend::start,bend_definition,122,False,False,212,2.96,0.96,meets_target,281,2.73,0.74,meets_target,948,1.51,0.06,below_target
src/eval.bend::invoke,bend_definition,126,True,False,825,2.76,0.73,meets_target,281,2.73,0.75,meets_target,102,2.19,0.36,below_target
src/eval.bend::constructor_name,bend_definition,131,False,False,520,2.87,0.85,meets_target,706,2.52,0.64,meets_target,318,1.96,0.18,below_target
src/eval.bend::result_name,bend_definition,137,False,False,587,2.85,0.8200000000000001,meets_target,281,2.73,0.77,meets_target,223,2.05,0.21,below_target
src/eval.bend::describe,bend_definition,143,False,False,1016,2.64,0.65,meets_target,687,2.53,0.62,meets_target,400,1.9,0.15,below_target
src/lex.bend::Mode,bend_datatype,4,False,False,1372,2.4,0.55,uncertain,1289,2.18,0.3,below_target,1310,1.25,0.01,below_target
src/lex.bend::State,bend_datatype,9,True,False,1504,2.26,0.34,below_target,850,2.43,0.59,uncertain,266,2.01,0.27,below_target
src/lex.bend::normal,bend_definition,12,False,False,1710,1.59,0.14,below_target,1187,2.22,0.5,uncertain,233,2.04,0.27,below_target
src/lex.bend::step_at,bend_definition,35,False,False,1586,2.1,0.25,below_target,850,2.43,0.6,meets_target,243,2.03,0.25,below_target
src/lex.bend::step,bend_definition,49,False,False,1608,2.06,0.23,below_target,784,2.47,0.63,meets_target,173,2.1,0.29000000000000004,below_target
src/lex.bend::finish,bend_definition,55,False,False,1570,2.15,0.41000000000000003,uncertain,309,2.72,0.78,meets_target,565,1.79,0.06,below_target
src/lex.bend::scan,bend_definition,67,False,False,1592,2.09,0.24,below_target,755,2.49,0.64,meets_target,31,2.35,0.44,uncertain
src/lex.bend::tokenize,bend_definition,77,False,False,1520,2.24,0.31,below_target,765,2.48,0.65,meets_target,112,2.18,0.35000000000000003,below_target
src/parse-cli.bend::show_tree,bend_definition,7,False,False,1625,2.01,0.38,below_target,870,2.42,0.52,uncertain,893,1.54,0.04,below_target
src/parse-cli.bend::show_parse,bend_definition,12,False,False,877,2.73,0.7000000000000001,meets_target,174,2.79,0.8200000000000001,meets_target,148,2.13,0.33,below_target
src/parse-cli.bend::source,bend_definition,17,True,False,862,2.74,0.7300000000000001,meets_target,535,2.61,0.67,meets_target,43,2.32,0.45,uncertain
src/parse-cli.bend::read_result,bend_definition,20,True,False,1036,2.63,0.7100000000000001,meets_target,943,2.38,0.4848484848484849,uncertain,499,1.84,0.26,below_target
src/parse-cli.bend::read_pair,bend_definition,25,True,False,1195,2.53,0.61,meets_target,1069,2.31,0.43000000000000005,uncertain,565,1.79,0.24,below_target
src/parse-cli.bend::opened,bend_definition,31,True,False,1318,2.44,0.5,uncertain,870,2.42,0.54,uncertain,223,2.05,0.32999999999999996,below_target
src/parse-cli.bend::open_source,bend_definition,37,True,False,1295,2.46,0.49,uncertain,910,2.4,0.5700000000000001,uncertain,99,2.2,0.39999999999999997,below_target
src/parse-cli.bend::configure,bend_definition,40,True,False,1218,2.51,0.65,meets_target,1378,2.13,0.39,below_target,646,1.73,0.18000000000000002,below_target
src/parse-cli.bend::arguments,bend_definition,48,True,False,1403,2.38,0.44,uncertain,554,2.6,0.68,meets_target,211,2.06,0.28,below_target
src/parse-cli.bend::main,bend_definition,56,True,False,1372,2.4,0.43,uncertain,943,2.38,0.5800000000000001,uncertain,372,1.92,0.27,below_target
src/parse.bend::Parsed,bend_datatype,4,True,False,1254,2.49,0.56,uncertain,1113,2.27,0.44,uncertain,728,1.67,0.10000000000000002,below_target
src/parse.bend::Mode,bend_datatype,7,False,False,1520,2.24,0.35000000000000003,below_target,359,2.7,0.77,meets_target,13,2.44,0.52,uncertain
src/parse.bend::invalid,bend_definition,27,True,False,764,2.79,0.86,meets_target,1319,2.16,0.31,below_target,1445,1.11,0.01,below_target
src/parse.bend::unsupported,bend_definition,30,False,False,622,2.84,0.89,meets_target,1106,2.28,0.36000000000000004,below_target,1366,1.19,0.04,below_target
src/parse.bend::then,bend_definition,33,False,False,425,2.9,0.91,meets_target,334,2.71,0.72,meets_target,728,1.67,0.12,below_target
src/parse.bend::prepend,bend_definition,39,False,False,486,2.88,0.9,meets_target,391,2.68,0.7000000000000001,meets_target,777,1.62,0.13,below_target
src/parse.bend::wrap_call,bend_definition,44,False,False,162,2.98,0.96,meets_target,97,2.85,0.8300000000000001,meets_target,318,1.96,0.19,below_target
src/parse.bend::wrap_type,bend_definition,53,False,False,587,2.85,0.89,meets_target,723,2.51,0.54,uncertain,1178,1.37,0.09,below_target
src/parse.bend::wrap_function,bend_definition,59,False,False,425,2.9,0.92,meets_target,334,2.71,0.7000000000000001,meets_target,1140,1.39,0.06,below_target
src/parse.bend::wrap_match,bend_definition,65,False,False,454,2.89,0.92,meets_target,433,2.66,0.67,meets_target,982,1.49,0.08000000000000002,below_target
src/parse.bend::expect,bend_definition,71,False,False,315,2.93,0.92,meets_target,97,2.85,0.8400000000000001,meets_target,514,1.83,0.12000000000000001,below_target
src/parse.bend::parameter_end,bend_definition,78,False,False,893,2.72,0.76,meets_target,910,2.4,0.56,uncertain,466,1.86,0.14,below_target
src/parse.bend::parameter_parts,bend_definition,85,False,False,1638,1.96,0.25,below_target,1482,2.02,0.42,uncertain,418,1.89,0.2,below_target
src/parse.bend::parameter,bend_definition,95,False,False,1442,2.34,0.44,uncertain,742,2.5,0.63,meets_target,359,1.93,0.2,below_target
src/parse.bend::body_end,bend_definition,103,False,False,393,2.91,0.91,meets_target,415,2.67,0.71,meets_target,372,1.92,0.18000000000000002,below_target
src/parse.bend::term_failure,bend_definition,110,False,False,1598,2.08,0.41,uncertain,1554,1.92,0.35000000000000003,below_target,933,1.52,0.08,below_target
src/parse.bend::run,bend_definition,120,True,False,1391,2.39,0.42000000000000004,uncertain,169,2.8,0.8300000000000001,meets_target,1,2.71,0.7,meets_target
src/parse.bend::parse,bend_definition,272,True,False,1360,2.41,0.41000000000000003,uncertain,391,2.68,0.77,meets_target,2,2.7,0.71,meets_target
src/runtime-LAWS.bend::returned_value_needs_no_fuel,bend_law,7,False,False,953,2.68,0.7000000000000001,meets_target,654,2.55,0.65,meets_target,514,1.83,0.22,below_target
src/runtime-LAWS.bend::pending_evaluation_needs_fuel,bend_law,12,False,False,1345,2.42,0.44,uncertain,927,2.39,0.61,meets_target,112,2.18,0.39,below_target
src/runtime-LAWS.bend::erased_initializer_is_not_evaluated,bend_law,19,False,False,913,2.71,0.6799999999999999,meets_target,124,2.83,0.8200000000000001,meets_target,92,2.21,0.37,below_target
src/runtime-LAWS.bend::bind_keeps_caller_scope,bend_law,30,False,False,842,2.75,0.73,meets_target,50,2.89,0.85,meets_target,92,2.21,0.37,below_target
src/runtime-LAWS.bend::unsigned_leb_boundary,bend_law,39,False,False,862,2.74,0.74,meets_target,1016,2.34,0.5757575757575758,uncertain,130,2.15,0.35000000000000003,below_target
src/runtime-LAWS.bend::signed_leb_boundary,bend_law,42,False,False,862,2.74,0.74,meets_target,891,2.41,0.61,meets_target,130,2.15,0.34,below_target
src/runtime-LAWS.bend::unsigned_leb_maximum,bend_law,45,False,False,1016,2.64,0.72,meets_target,1148,2.24,0.53,uncertain,290,1.99,0.30000000000000004,below_target
src/runtime-PROOF.bend::L.returned_value_needs_no_fuel,bend_law_fill,5,False,False,1802,0.63,0.13999999999999999,below_target,1802,0.97,0.15000000000000002,below_target,1809,0.57,0.030000000000000002,below_target
src/runtime-PROOF.bend::L.pending_evaluation_needs_fuel,bend_law_fill,6,False,False,1812,0.51,0.11,below_target,1787,1.1,0.19,below_target,1766,0.77,0.05,below_target
src/runtime-PROOF.bend::L.erased_initializer_is_not_evaluated,bend_law_fill,7,False,False,1845,0.29,0.060000000000000005,below_target,1796,1.02,0.16,below_target,1813,0.54,0.02,below_target
src/runtime-PROOF.bend::L.bind_keeps_caller_scope,bend_law_fill,8,False,False,1840,0.31,0.05,below_target,1820,0.83,0.12,below_target,1813,0.54,0.02,below_target
src/runtime-PROOF.bend::L.unsigned_leb_boundary,bend_law_fill,9,False,False,1882,0.17,0.02,below_target,1877,0.32,0.01,below_target,1871,0.12,0,below_target
src/runtime-PROOF.bend::L.signed_leb_boundary,bend_law_fill,10,False,False,1880,0.18,0.02,below_target,1883,0.29,0.020000000000000004,below_target,1882,0.09,0,below_target
src/runtime-PROOF.bend::L.unsigned_leb_maximum,bend_law_fill,11,False,False,1886,0.15,0.02,below_target,1878,0.31,0.020000000000000004,below_target,1867,0.13,0,below_target
src/scope.bend::Scope,bend_datatype,5,True,False,1345,2.42,0.53,uncertain,1509,2,0.38,below_target,765,1.63,0.07,below_target
src/scope.bend::contains,bend_definition,8,False,False,126,2.99,0.97,meets_target,151,2.81,0.8,meets_target,871,1.55,0.07,below_target
src/scope.bend::sequential,bend_definition,15,False,False,315,2.93,0.88,meets_target,554,2.6,0.6900000000000001,meets_target,23,2.38,0.47000000000000003,uncertain
src/scope.bend::alternatives,bend_definition,22,False,False,716,2.81,0.79,meets_target,1106,2.28,0.52,uncertain,299,1.98,0.23,below_target
src/scope.bend::remove,bend_definition,27,False,False,126,2.99,0.95,meets_target,391,2.68,0.74,meets_target,266,2.01,0.22000000000000003,below_target
src/scope.bend::find,bend_definition,33,False,False,454,2.89,0.9,meets_target,309,2.72,0.77,meets_target,451,1.87,0.13,below_target
src/scope.bend::lookup,bend_definition,41,False,False,454,2.89,0.89,meets_target,815,2.45,0.5800000000000001,uncertain,777,1.62,0.08,below_target
src/scope.bend::occurrence,bend_definition,45,False,False,622,2.84,0.81,meets_target,723,2.51,0.66,meets_target,161,2.11,0.3,below_target
src/scope.bend::reference,bend_definition,52,False,False,212,2.96,0.89,meets_target,784,2.47,0.62,meets_target,223,2.05,0.29292929292929293,below_target
src/scope.bend::live_scope,bend_definition,57,False,False,126,2.99,0.98,meets_target,1433,2.08,0.43,uncertain,1043,1.45,0.03,below_target
src/scope.bend::extend,bend_definition,61,False,False,1531,2.23,0.54,uncertain,1660,1.69,0.27,below_target,1207,1.35,0.03,below_target
src/scope.bend::refine,bend_definition,66,False,False,245,2.95,0.9400000000000001,meets_target,391,2.68,0.75,meets_target,623,1.75,0.08000000000000002,below_target
src/scope.bend::branch,bend_definition,72,False,False,520,2.87,0.87,meets_target,1016,2.34,0.56,uncertain,299,1.98,0.18,below_target
src/scope.bend::parameters,bend_definition,76,False,False,212,2.96,0.8999999999999999,meets_target,455,2.65,0.7,meets_target,777,1.62,0.04,below_target
src/scope.bend::matchable,bend_definition,82,False,False,1184,2.54,0.64,meets_target,1095,2.29,0.53,uncertain,254,2.02,0.23,below_target
src/scope.bend::scrutinee,bend_definition,90,False,False,930,2.7,0.71,meets_target,493,2.63,0.696969696969697,meets_target,153,2.12,0.28,below_target
src/syntax.bend::At,bend_datatype,3,False,False,354,2.92,0.92,meets_target,515,2.62,0.64,meets_target,1262,1.29,0.02,below_target
src/syntax.bend::Error,bend_datatype,6,False,False,1430,2.35,0.46,uncertain,415,2.67,0.7,meets_target,765,1.63,0.05,below_target
src/syntax.bend::Token,bend_datatype,13,True,False,764,2.79,0.8080808080808082,meets_target,586,2.58,0.63,meets_target,1262,1.29,0.01,below_target
src/syntax.bend::Node,bend_datatype,18,False,False,1036,2.63,0.63,meets_target,97,2.85,0.8383838383838383,meets_target,310,1.97,0.19,below_target
src/syntax.bend::text,bend_definition,30,False,False,111,3,0.99,meets_target,891,2.41,0.49,uncertain,1457,1.1,0,below_target
src/syntax.bend::at,bend_definition,34,False,False,96,3.01,1,meets_target,246,2.75,0.75,meets_target,1350,1.21,0.02,below_target
src/syntax.bend::column,bend_definition,38,False,False,486,2.88,0.92,meets_target,1533,1.95,0.34,below_target,1497,1.06,0.010000000000000002,below_target
src/syntax.bend::line,bend_definition,42,False,False,1697,1.62,0.4,below_target,1810,0.93,0.09,below_target,1772,0.74,0.01,below_target
src/syntax.bend::here,bend_definition,46,False,False,990,2.66,0.78,meets_target,1082,2.3,0.45,uncertain,1319,1.24,0.02,below_target
src/syntax.bend::matches,bend_definition,51,False,False,126,2.99,0.99,meets_target,687,2.53,0.55,uncertain,1416,1.14,0.01,below_target
src/syntax.bend::alpha,bend_definition,54,False,False,1668,1.75,0.22,below_target,1202,2.21,0.42,uncertain,1340,1.22,0,below_target
src/syntax.bend::digit,bend_definition,59,False,False,190,2.97,0.97,meets_target,633,2.56,0.58,uncertain,1445,1.11,0,below_target
src/syntax.bend::word,bend_definition,62,False,False,943,2.69,0.73,meets_target,608,2.57,0.63,meets_target,1253,1.3,0.01,below_target
src/syntax.bend::reserved,bend_definition,65,False,False,1762,1,0.05,below_target,1710,1.52,0.17,below_target,1340,1.22,0.01,below_target
src/syntax.bend::choose,bend_definition,75,False,False,805,2.77,0.85,meets_target,493,2.63,0.6900000000000001,meets_target,1063,1.44,0.03,below_target
src/syntax.bend::bind,bend_definition,80,False,False,80,3.02,0.99,meets_target,50,2.89,0.86,meets_target,1207,1.35,0.01,below_target
src/syntax.bend::identifier_text,bend_definition,85,False,False,1403,2.38,0.49,uncertain,1261,2.19,0.44,uncertain,966,1.5,0.06,below_target
src/syntax.bend::identifier,bend_definition,90,False,False,1318,2.44,0.53,uncertain,1433,2.08,0.37,below_target,1225,1.33,0.0404040404040404,below_target
src/syntax.bend::skip_lines,bend_definition,93,False,False,486,2.88,0.89,meets_target,515,2.62,0.6900000000000001,meets_target,646,1.73,0.1,below_target
src/wasm-bytes.bend::checked,bend_definition,6,False,False,1036,2.63,0.72,meets_target,209,2.77,0.78,meets_target,359,1.93,0.16,below_target
src/wasm-bytes.bend::bytes,bend_definition,12,False,False,212,2.96,0.95,meets_target,633,2.56,0.59,uncertain,871,1.55,0.08,below_target
src/wasm-bytes.bend::join,bend_definition,15,False,False,162,2.98,0.96,meets_target,535,2.61,0.64,meets_target,871,1.55,0.07,below_target
src/wasm-bytes.bend::concat,bend_definition,18,False,False,354,2.92,0.89,meets_target,97,2.85,0.86,meets_target,193,2.08,0.23,below_target
src/wasm-bytes.bend::groups,bend_definition,27,False,False,279,2.94,0.88,meets_target,554,2.6,0.6900000000000001,meets_target,30,2.36,0.46,uncertain
src/wasm-bytes.bend::unsigned,bend_definition,34,False,False,279,2.94,0.8799999999999999,meets_target,229,2.76,0.79,meets_target,193,2.08,0.28,below_target
src/wasm-bytes.bend::positive_signed,bend_definition,37,False,False,764,2.79,0.77,meets_target,723,2.51,0.62,meets_target,290,1.99,0.23,below_target
src/wasm-bytes.bend::chars,bend_definition,41,False,False,23,3.1,0.98,meets_target,76,2.87,0.86,meets_target,738,1.66,0.050505050505050504,below_target
src/wasm-bytes.bend::sized,bend_definition,46,False,False,279,2.94,0.91,meets_target,124,2.83,0.8200000000000001,meets_target,318,1.96,0.23,below_target
src/wasm-bytes.bend::name,bend_definition,49,False,False,212,2.96,0.87,meets_target,136,2.82,0.8200000000000001,meets_target,130,2.15,0.34,below_target
src/wasm-bytes.bend::section,bend_definition,52,False,False,212,2.96,0.9099999999999999,meets_target,110,2.84,0.8300000000000001,meets_target,193,2.08,0.27,below_target
src/wasm.bend::Local,bend_datatype,7,False,False,764,2.79,0.81,meets_target,850,2.43,0.53,uncertain,908,1.53,0.09999999999999999,below_target
src/wasm.bend::Environment,bend_datatype,9,False,False,764,2.79,0.79,meets_target,586,2.58,0.66,meets_target,717,1.68,0.09,below_target
src/wasm.bend::Code,bend_datatype,11,True,False,1053,2.62,0.67,meets_target,831,2.44,0.52,uncertain,717,1.68,0.09,below_target
src/wasm.bend::Mode,bend_datatype,13,False,False,1072,2.61,0.63,meets_target,229,2.76,0.79,meets_target,43,2.32,0.43999999999999995,uncertain
src/wasm.bend::internal,bend_definition,18,False,False,486,2.88,0.9,meets_target,1261,2.19,0.34,below_target,1178,1.37,0.08,below_target
src/wasm.bend::lookup,bend_definition,21,False,False,190,2.97,0.9500000000000001,meets_target,309,2.72,0.76,meets_target,418,1.89,0.16,below_target
src/wasm.bend::signature,bend_definition,27,False,False,862,2.74,0.77,meets_target,850,2.43,0.58,uncertain,481,1.85,0.15,below_target
src/wasm.bend::parameters,bend_definition,33,False,False,587,2.85,0.8400000000000001,meets_target,1003,2.35,0.5700000000000001,uncertain,243,2.03,0.23,below_target
src/wasm.bend::live_types,bend_definition,40,False,False,587,2.85,0.85,meets_target,1106,2.28,0.54,uncertain,348,1.94,0.2,below_target
src/wasm.bend::instruction,bend_definition,46,False,False,354,2.92,0.9,meets_target,246,2.75,0.75,meets_target,528,1.82,0.17,below_target
src/wasm.bend::constant,bend_definition,49,False,False,550,2.86,0.8400000000000001,meets_target,391,2.68,0.7000000000000001,meets_target,538,1.81,0.17,below_target
src/wasm.bend::code,bend_definition,52,False,False,245,2.95,0.9400000000000001,meets_target,515,2.62,0.65,meets_target,551,1.8,0.19,below_target
src/wasm.bend::append,bend_definition,55,False,False,212,2.96,0.9400000000000001,meets_target,391,2.68,0.7,meets_target,646,1.73,0.12,below_target
src/wasm.bend::called,bend_definition,59,False,False,622,2.84,0.8200000000000001,meets_target,281,2.73,0.74,meets_target,211,2.06,0.28,below_target
src/wasm.bend::call_body,bend_definition,63,False,False,279,2.94,0.9500000000000001,meets_target,784,2.47,0.53,uncertain,1207,1.35,0.05,below_target
src/wasm.bend::after_argument,bend_definition,67,False,False,212,2.96,0.9400000000000001,meets_target,151,2.81,0.81,meets_target,139,2.14,0.3,below_target
src/wasm.bend::after_initializer,bend_definition,71,False,False,913,2.71,0.73,meets_target,831,2.44,0.61,meets_target,153,2.12,0.3,below_target
src/wasm.bend::branch_code,bend_definition,78,False,False,1204,2.52,0.6,meets_target,755,2.49,0.64,meets_target,161,2.11,0.34,below_target
src/wasm.bend::lower,bend_definition,85,True,False,1184,2.54,0.54,uncertain,59,2.88,0.87,meets_target,3,2.66,0.66,meets_target
src/wasm.bend::local_declarations,bend_definition,113,False,False,454,2.89,0.8600000000000001,meets_target,433,2.66,0.72,meets_target,299,1.98,0.24000000000000002,below_target
src/wasm.bend::function_code,bend_definition,117,False,False,1111,2.59,0.63,meets_target,1049,2.32,0.55,uncertain,92,2.21,0.38,below_target
src/wasm.bend::body,bend_definition,123,True,False,1234,2.5,0.49,uncertain,246,2.75,0.77,meets_target,11,2.47,0.53,uncertain
src/wasm.bend::function_type,bend_definition,128,False,False,587,2.85,0.8400000000000001,meets_target,281,2.73,0.76,meets_target,310,1.97,0.22,below_target
src/wasm.bend::Sections,bend_datatype,131,True,False,1087,2.6,0.61,meets_target,136,2.82,0.8300000000000001,meets_target,139,2.14,0.29000000000000004,below_target
src/wasm.bend::extend_sections,bend_definition,134,False,False,1345,2.42,0.49,uncertain,151,2.81,0.8300000000000001,meets_target,290,1.99,0.17,below_target
src/wasm.bend::entry,bend_definition,142,True,False,1195,2.53,0.54,uncertain,608,2.57,0.66,meets_target,41,2.33,0.42000000000000004,uncertain
src/wasm.bend::entries,bend_definition,150,True,False,1053,2.62,0.62,meets_target,263,2.74,0.77,meets_target,112,2.18,0.32,below_target
src/wasm.bend::module_bytes,bend_definition,157,False,False,393,2.91,0.86,meets_target,11,2.98,0.9199999999999999,meets_target,37,2.34,0.41000000000000003,uncertain
src/wasm.bend::emit,bend_definition,162,True,False,1218,2.51,0.51,uncertain,515,2.62,0.7171717171717171,meets_target,16,2.43,0.5,uncertain
tests/compiler-checker/bounds.bend::token,bend_definition,7,True,False,354,2.92,0.9400000000000001,meets_target,943,2.38,0.43,uncertain,1262,1.29,0.02,below_target
tests/compiler-checker/bounds.bend::ctors,bend_definition,10,False,False,19,3.11,0.97,meets_target,110,2.84,0.8300000000000001,meets_target,481,1.85,0.1,below_target
tests/compiler-checker/bounds.bend::types,bend_definition,15,False,False,53,3.05,0.91,meets_target,415,2.67,0.72,meets_target,384,1.91,0.14,below_target
tests/compiler-checker/bounds.bend::params,bend_definition,20,False,False,42,3.06,0.94,meets_target,229,2.76,0.77,meets_target,597,1.77,0.09000000000000001,below_target
tests/compiler-checker/bounds.bend::funcs,bend_definition,25,False,False,657,2.83,0.81,meets_target,943,2.38,0.55,uncertain,656,1.72,0.1,below_target
tests/compiler-checker/bounds.bend::show,bend_definition,30,False,False,1053,2.62,0.67,meets_target,927,2.39,0.49,uncertain,809,1.59,0.04,below_target
tests/compiler-checker/bounds.bend::main,bend_definition,35,True,False,1538,2.22,0.39999999999999997,below_target,1032,2.33,0.54,uncertain,565,1.79,0.17,below_target
tests/compiler-checker/fixtures/branch-duplicate.bend::Flag,bend_datatype,1,False,False,162,2.98,0.92,meets_target,571,2.59,0.61,meets_target,1384,1.17,0.01,below_target
tests/compiler-checker/fixtures/branch-duplicate.bend::first,bend_definition,4,False,False,764,2.79,0.88,meets_target,1608,1.82,0.1313131313131313,below_target,1582,0.94,0,below_target
tests/compiler-checker/fixtures/branch-duplicate.bend::f,bend_definition,6,False,False,1567,2.16,0.52,uncertain,1627,1.78,0.26,below_target,1366,1.19,0.01,below_target
tests/compiler-checker/fixtures/branch-duplicate.bend::main,bend_definition,10,False,False,1111,2.59,0.7100000000000001,meets_target,910,2.4,0.54,uncertain,1273,1.28,0.03,below_target
tests/compiler-checker/fixtures/branch-maximum.bend::Flag,bend_datatype,1,False,False,315,2.93,0.9199999999999999,meets_target,633,2.56,0.6,meets_target,1457,1.1,0,below_target
tests/compiler-checker/fixtures/branch-maximum.bend::f,bend_definition,4,False,False,1642,1.94,0.44999999999999996,uncertain,1612,1.81,0.27,below_target,1536,1.01,0,below_target
tests/compiler-checker/fixtures/branch-maximum.bend::main,bend_definition,8,False,False,1318,2.44,0.6599999999999999,meets_target,1304,2.17,0.42000000000000004,uncertain,1514,1.04,0.010000000000000002,below_target
tests/compiler-checker/fixtures/call-arity.bend::Flag,bend_datatype,1,False,False,162,2.98,0.94,meets_target,608,2.57,0.61,meets_target,1391,1.16,0.01,below_target
tests/compiler-checker/fixtures/call-arity.bend::identity,bend_definition,4,False,False,80,3.02,0.98,meets_target,1167,2.23,0.35000000000000003,below_target,1541,1,0,below_target
tests/compiler-checker/fixtures/call-arity.bend::main,bend_definition,6,False,False,1582,2.11,0.55,uncertain,1612,1.81,0.18,below_target,1582,0.94,0,below_target
tests/compiler-checker/fixtures/data-affine-reuse.bend::Flag,bend_datatype,1,False,False,315,2.93,0.93,meets_target,586,2.58,0.6,meets_target,1457,1.1,0,below_target
tests/compiler-checker/fixtures/data-affine-reuse.bend::first,bend_definition,4,False,False,354,2.92,0.93,meets_target,1585,1.86,0.12,below_target,1598,0.93,0,below_target
tests/compiler-checker/fixtures/data-affine-reuse.bend::f,bend_definition,6,False,False,1195,2.53,0.74,meets_target,1654,1.7,0.15,below_target,1555,0.98,0,below_target
tests/compiler-checker/fixtures/data-affine-reuse.bend::main,bend_definition,8,False,False,1547,2.19,0.55,uncertain,1585,1.86,0.22,below_target,1530,1.02,0.010000000000000002,below_target
tests/compiler-checker/fixtures/data-argument.bend::Flag,bend_datatype,1,False,False,279,2.94,0.9199999999999999,meets_target,515,2.62,0.64,meets_target,1480,1.08,0,below_target
tests/compiler-checker/fixtures/data-argument.bend::twice,bend_definition,5,False,False,1504,2.26,0.61,meets_target,1735,1.42,0.10000000000000002,below_target,1663,0.9,0,below_target
tests/compiler-checker/fixtures/data-argument.bend::f,bend_definition,7,False,False,1495,2.27,0.61,meets_target,1665,1.68,0.18,below_target,1549,0.99,0.01,below_target
tests/compiler-checker/fixtures/data-argument.bend::main,bend_definition,9,False,False,1318,2.44,0.66,meets_target,1462,2.04,0.33,below_target,1340,1.22,0.03,below_target
tests/compiler-checker/fixtures/data-promote.bend::Flag,bend_datatype,1,False,False,190,2.97,0.94,meets_target,723,2.51,0.55,uncertain,1429,1.13,0.01,below_target
tests/compiler-checker/fixtures/data-promote.bend::first,bend_definition,5,False,False,486,2.88,0.92,meets_target,1593,1.85,0.12,below_target,1613,0.92,0,below_target
tests/compiler-checker/fixtures/data-promote.bend::f,bend_definition,7,False,False,1575,2.14,0.56,uncertain,1747,1.37,0.12,below_target,1582,0.94,0.01,below_target
tests/compiler-checker/fixtures/data-promote.bend::main,bend_definition,10,False,False,1598,2.08,0.47000000000000003,uncertain,1635,1.76,0.25,below_target,1436,1.12,0.02,below_target
tests/compiler-checker/fixtures/duplicate-arm.bend::Flag,bend_datatype,1,False,False,315,2.93,0.92,meets_target,554,2.6,0.63,meets_target,1403,1.15,0.01,below_target
tests/compiler-checker/fixtures/duplicate-arm.bend::f,bend_definition,4,False,False,1796,0.7,0.05,below_target,1811,0.91,0.01,below_target,1795,0.63,0,below_target
tests/compiler-checker/fixtures/duplicate-arm.bend::main,bend_definition,9,False,False,1751,1.23,0.22000000000000003,below_target,1770,1.2,0.1,below_target,1688,0.89,0.010000000000000002,below_target
tests/compiler-checker/fixtures/duplicate-parameters.bend::Flag,bend_datatype,1,False,False,162,2.98,0.95,meets_target,515,2.62,0.65,meets_target,1403,1.15,0.01,below_target
tests/compiler-checker/fixtures/duplicate-parameters.bend::f,bend_definition,5,False,False,1764,0.97,0.21000000000000002,below_target,1844,0.54,0.01,below_target,1835,0.29,0,below_target
tests/compiler-checker/fixtures/duplicate-parameters.bend::main,bend_definition,7,False,False,1688,1.65,0.37,below_target,1782,1.15,0.12,below_target,1754,0.83,0.020000000000000004,below_target
tests/compiler-checker/fixtures/erased-affine-copy.bend::Flag,bend_datatype,1,False,False,279,2.94,0.9199999999999999,meets_target,850,2.43,0.5,uncertain,1416,1.14,0.01,below_target
tests/compiler-checker/fixtures/erased-affine-copy.bend::take,bend_definition,5,False,False,1087,2.6,0.79,meets_target,1725,1.46,0.16,below_target,1573,0.95,0.02,below_target
tests/compiler-checker/fixtures/erased-affine-copy.bend::f,bend_definition,7,False,False,913,2.71,0.8200000000000001,meets_target,1542,1.94,0.32,below_target,1391,1.16,0.03,below_target
tests/compiler-checker/fixtures/erased-affine-copy.bend::main,bend_definition,9,False,False,1036,2.63,0.75,meets_target,1202,2.21,0.45,uncertain,1191,1.36,0.08000000000000002,below_target
tests/compiler-checker/fixtures/erased-binding.bend::Flag,bend_datatype,1,False,False,126,2.99,0.95,meets_target,586,2.58,0.6,meets_target,1378,1.18,0.01,below_target
tests/compiler-checker/fixtures/erased-binding.bend::f,bend_definition,4,False,False,1790,0.74,0.12,below_target,1809,0.94,0.11,below_target,1799,0.61,0.01,below_target
tests/compiler-checker/fixtures/erased-binding.bend::main,bend_definition,7,False,False,1425,2.36,0.64,meets_target,1651,1.71,0.26,below_target,1378,1.18,0.03,below_target
tests/compiler-checker/fixtures/erased-forward-call.bend::Flag,bend_datatype,1,False,False,315,2.93,0.9299999999999999,meets_target,815,2.45,0.52,uncertain,1469,1.09,0.01,below_target
tests/compiler-checker/fixtures/erased-forward-call.bend::take,bend_definition,5,False,False,1036,2.63,0.79,meets_target,1718,1.48,0.10999999999999997,below_target,1598,0.93,0.01,below_target
tests/compiler-checker/fixtures/erased-forward-call.bend::f,bend_definition,7,False,False,1254,2.49,0.7100000000000001,meets_target,1533,1.95,0.3,below_target,1480,1.08,0.02,below_target
tests/compiler-checker/fixtures/erased-forward-call.bend::later,bend_definition,9,False,False,393,2.91,0.92,meets_target,1236,2.2,0.33,below_target,1562,0.97,0.01,below_target
tests/compiler-checker/fixtures/erased-forward-call.bend::main,bend_definition,11,False,False,1495,2.27,0.5700000000000001,uncertain,1585,1.86,0.28,below_target,1445,1.11,0.03,below_target
tests/compiler-checker/fixtures/erased-free-name.bend::Flag,bend_datatype,1,False,False,279,2.94,0.9299999999999999,meets_target,765,2.48,0.54,uncertain,1469,1.09,0,below_target
tests/compiler-checker/fixtures/erased-free-name.bend::take,bend_definition,4,False,False,953,2.68,0.81,meets_target,1743,1.4,0.08999999999999998,below_target,1735,0.87,0.01,below_target
tests/compiler-checker/fixtures/erased-free-name.bend::main,bend_definition,6,False,False,1586,2.1,0.56,uncertain,1784,1.11,0.08000000000000002,below_target,1757,0.82,0.010000000000000002,below_target
tests/compiler-checker/fixtures/erased-live-in-erased.bend::Flag,bend_datatype,1,False,False,393,2.91,0.9199999999999999,meets_target,755,2.49,0.53,uncertain,1469,1.09,0.01,below_target
tests/compiler-checker/fixtures/erased-live-in-erased.bend::take,bend_definition,5,False,False,877,2.73,0.8300000000000001,meets_target,1721,1.47,0.16,below_target,1562,0.97,0.02,below_target
tests/compiler-checker/fixtures/erased-live-in-erased.bend::f,bend_definition,7,False,False,1430,2.35,0.6499999999999999,meets_target,1635,1.76,0.30000000000000004,below_target,1359,1.2,0.05,below_target
tests/compiler-checker/fixtures/erased-live-in-erased.bend::main,bend_definition,9,False,False,1454,2.32,0.61,meets_target,1560,1.91,0.31,below_target,1416,1.14,0.03,below_target
tests/compiler-checker/fixtures/erased-type-live.bend::Flag,bend_datatype,1,False,False,212,2.96,0.9299999999999999,meets_target,755,2.49,0.52,uncertain,1480,1.08,0,below_target
tests/compiler-checker/fixtures/erased-type-live.bend::first,bend_definition,4,False,False,425,2.9,0.92,meets_target,1585,1.86,0.12,below_target,1598,0.93,0,below_target
tests/compiler-checker/fixtures/erased-type-live.bend::f,bend_definition,6,False,False,1454,2.32,0.66,meets_target,1771,1.19,0.10000000000000002,below_target,1759,0.81,0.01,below_target
tests/compiler-checker/fixtures/erased-type-live.bend::main,bend_definition,9,False,False,1218,2.51,0.73,meets_target,1574,1.88,0.28,below_target,1445,1.11,0.02,below_target
tests/compiler-checker/fixtures/erased-type-mismatch.bend::Flag,bend_datatype,1,False,False,425,2.9,0.9099999999999999,meets_target,910,2.4,0.49,uncertain,1480,1.08,0,below_target
tests/compiler-checker/fixtures/erased-type-mismatch.bend::Other,bend_datatype,4,False,False,1608,2.06,0.55,uncertain,1642,1.75,0.12,below_target,1573,0.95,0,below_target
tests/compiler-checker/fixtures/erased-type-mismatch.bend::take,bend_definition,6,False,False,1154,2.56,0.78,meets_target,1738,1.41,0.09999999999999998,below_target,1748,0.85,0.01,below_target
tests/compiler-checker/fixtures/erased-type-mismatch.bend::main,bend_definition,8,False,False,1318,2.44,0.7000000000000001,meets_target,1692,1.59,0.2,below_target,1582,0.94,0.02,below_target
tests/compiler-checker/fixtures/local-reusable-type.bend::Flag,bend_datatype,1,False,False,354,2.92,0.93,meets_target,706,2.52,0.5700000000000001,uncertain,1403,1.15,0.01,below_target
tests/compiler-checker/fixtures/local-reusable-type.bend::f,bend_definition,4,False,False,1273,2.48,0.73,meets_target,1738,1.41,0.10000000000000002,below_target,1735,0.87,0,below_target
tests/compiler-checker/fixtures/local-reusable-type.bend::main,bend_definition,7,False,False,1087,2.6,0.76,meets_target,1473,2.03,0.29000000000000004,below_target,1469,1.09,0.01,below_target
tests/compiler-checker/fixtures/local-shadow-call.bend::Flag,bend_datatype,1,False,False,212,2.96,0.9400000000000001,meets_target,891,2.41,0.48,uncertain,1445,1.11,0,below_target
tests/compiler-checker/fixtures/local-shadow-call.bend::id,bend_definition,4,False,False,486,2.88,0.9099999999999999,meets_target,1554,1.92,0.18000000000000002,below_target,1613,0.92,0,below_target
tests/compiler-checker/fixtures/local-shadow-call.bend::f,bend_definition,6,False,False,953,2.68,0.8,meets_target,1605,1.83,0.29000000000000004,below_target,1497,1.06,0.03,below_target
tests/compiler-checker/fixtures/local-shadow-call.bend::main,bend_definition,8,False,False,975,2.67,0.78,meets_target,1406,2.11,0.36,below_target,1273,1.28,0.05,below_target
tests/compiler-checker/fixtures/matched-duplicate.bend::Flag,bend_datatype,1,False,False,454,2.89,0.8999999999999999,meets_target,815,2.45,0.53,uncertain,1505,1.05,0,below_target
tests/compiler-checker/fixtures/matched-duplicate.bend::first,bend_definition,5,False,False,842,2.75,0.8400000000000001,meets_target,1696,1.58,0.11000000000000001,below_target,1688,0.89,0,below_target
tests/compiler-checker/fixtures/matched-duplicate.bend::f,bend_definition,7,False,False,1643,1.92,0.42000000000000004,uncertain,1700,1.56,0.18,below_target,1480,1.08,0,below_target
tests/compiler-checker/fixtures/matched-duplicate.bend::main,bend_definition,11,False,False,1592,2.09,0.49,uncertain,1554,1.92,0.32,below_target,1505,1.05,0,below_target
tests/compiler-checker/fixtures/matched-return.bend::Flag,bend_datatype,1,False,False,245,2.95,0.9199999999999999,meets_target,554,2.6,0.63,meets_target,1445,1.11,0,below_target
tests/compiler-checker/fixtures/matched-return.bend::f,bend_definition,5,False,False,1686,1.66,0.32,below_target,1605,1.83,0.26,below_target,1530,1.02,0,below_target
tests/compiler-checker/fixtures/matched-return.bend::main,bend_definition,10,False,False,1087,2.6,0.75,meets_target,1069,2.31,0.47,uncertain,1514,1.04,0,below_target
tests/compiler-checker/fixtures/recursive-call.bend::Flag,bend_datatype,1,False,False,245,2.95,0.9400000000000001,meets_target,608,2.57,0.6,meets_target,1436,1.12,0,below_target
tests/compiler-checker/fixtures/recursive-call.bend::f,bend_definition,4,False,False,1766,0.96,0.18000000000000002,below_target,1793,1.03,0.05,below_target,1777,0.72,0,below_target
tests/compiler-checker/fixtures/recursive-call.bend::main,bend_definition,6,False,False,1681,1.68,0.38,below_target,1679,1.64,0.18,below_target,1541,1,0.01,below_target
tests/compiler-checker/fixtures/renamed.bend::Flag,bend_datatype,1,False,False,96,3.01,0.96,meets_target,246,2.75,0.76,meets_target,1296,1.26,0.01,below_target
tests/compiler-checker/fixtures/renamed.bend::toggle,bend_definition,4,False,False,550,2.86,0.91,meets_target,4,3,0.91,meets_target,1191,1.36,0.01,below_target
tests/compiler-checker/fixtures/renamed.bend::main,bend_definition,8,False,False,126,2.99,0.97,meets_target,455,2.65,0.66,meets_target,1384,1.17,0.01,below_target
tests/compiler-checker/fixtures/reordered-arms.bend::Flag,bend_datatype,1,False,False,80,3.02,0.96,meets_target,136,2.82,0.8,meets_target,1273,1.28,0.01,below_target
tests/compiler-checker/fixtures/reordered-arms.bend::flip,bend_definition,4,False,False,893,2.72,0.83,meets_target,21,2.94,0.8700000000000001,meets_target,1043,1.45,0.02,below_target
tests/compiler-checker/fixtures/reordered-arms.bend::main,bend_definition,8,False,False,111,3,0.9700000000000001,meets_target,334,2.71,0.7200000000000001,meets_target,1273,1.28,0.02,below_target
tests/compiler-checker/fixtures/reusable-type.bend::Flag,bend_datatype,1,False,False,126,2.99,0.96,meets_target,687,2.53,0.56,uncertain,1436,1.12,0,below_target
tests/compiler-checker/fixtures/reusable-type.bend::f,bend_definition,4,False,False,587,2.85,0.9,meets_target,1548,1.93,0.18000000000000002,below_target,1573,0.95,0,below_target
tests/compiler-checker/fixtures/reusable-type.bend::main,bend_definition,6,False,False,862,2.74,0.8300000000000001,meets_target,1202,2.21,0.35000000000000003,below_target,1523,1.03,0.010000000000000002,below_target
tests/compiler-checker/fixtures/unknown-type.bend::Flag,bend_datatype,1,False,False,190,2.97,0.95,meets_target,554,2.6,0.62,meets_target,1416,1.14,0,below_target
tests/compiler-checker/fixtures/unknown-type.bend::f,bend_definition,4,False,False,1768,0.94,0.19,below_target,1823,0.78,0.02,below_target,1824,0.43,0,below_target
tests/compiler-checker/fixtures/unknown-type.bend::main,bend_definition,6,False,False,1705,1.6,0.39999999999999997,below_target,1757,1.33,0.09999999999999998,below_target,1799,0.61,0,below_target
tests/compiler-checker/fixtures/unused-affine-let.bend::Flag,bend_datatype,1,False,False,245,2.95,0.9400000000000001,meets_target,633,2.56,0.58,uncertain,1497,1.06,0,below_target
tests/compiler-checker/fixtures/unused-affine-let.bend::first,bend_definition,4,False,False,315,2.93,0.9400000000000001,meets_target,1560,1.91,0.13,below_target,1688,0.89,0,below_target
tests/compiler-checker/fixtures/unused-affine-let.bend::f,bend_definition,6,False,False,1619,2.03,0.5,uncertain,1778,1.16,0.01,below_target,1748,0.85,0,below_target
tests/compiler-checker/fixtures/unused-affine-let.bend::main,bend_definition,9,False,False,1542,2.21,0.58,uncertain,1682,1.63,0.12,below_target,1598,0.93,0,below_target
tests/compiler-checker/fixtures/unused-bad-function.bend::Flag,bend_datatype,1,False,False,212,2.96,0.94,meets_target,633,2.56,0.6,meets_target,1457,1.1,0,below_target
tests/compiler-checker/fixtures/unused-bad-function.bend::Other,bend_datatype,4,False,False,1598,2.08,0.55,uncertain,1651,1.71,0.10000000000000002,below_target,1562,0.97,0,below_target
tests/compiler-checker/fixtures/unused-bad-function.bend::bad,bend_definition,6,False,False,1786,0.78,0.13,below_target,1815,0.88,0.01,below_target,1809,0.57,0,below_target
tests/compiler-checker/fixtures/unused-bad-function.bend::main,bend_definition,8,False,False,1716,1.54,0.39,below_target,1750,1.36,0.12,below_target,1807,0.58,0,below_target
tests/compiler-checker/fixtures/unused-erased-use.bend::Flag,bend_datatype,1,False,False,245,2.95,0.9400000000000001,meets_target,571,2.59,0.61,meets_target,1457,1.1,0,below_target
tests/compiler-checker/fixtures/unused-erased-use.bend::first,bend_definition,4,False,False,393,2.91,0.92,meets_target,1581,1.87,0.14,below_target,1663,0.9,0,below_target
tests/compiler-checker/fixtures/unused-erased-use.bend::f,bend_definition,6,False,False,1714,1.55,0.34,below_target,1782,1.15,0.05,below_target,1792,0.66,0,below_target
tests/compiler-checker/fixtures/unused-erased-use.bend::main,bend_definition,9,False,False,1467,2.31,0.63,meets_target,1651,1.71,0.18,below_target,1514,1.04,0.01,below_target
tests/compiler-checker/fixtures/used-affine-let.bend::Flag,bend_datatype,1,False,False,212,2.96,0.9299999999999999,meets_target,742,2.5,0.54,uncertain,1469,1.09,0,below_target
tests/compiler-checker/fixtures/used-affine-let.bend::first,bend_definition,4,False,False,315,2.93,0.9400000000000001,meets_target,1533,1.95,0.1414141414141414,below_target,1636,0.91,0,below_target
tests/compiler-checker/fixtures/used-affine-let.bend::f,bend_definition,6,False,False,1656,1.84,0.39,below_target,1767,1.24,0.04,below_target,1636,0.91,0,below_target
tests/compiler-checker/fixtures/used-affine-let.bend::main,bend_definition,9,False,False,1650,1.88,0.4,below_target,1692,1.59,0.13,below_target,1549,0.99,0,below_target
tests/compiler-checker/fixtures/wrong-pattern-type.bend::Flag,bend_datatype,1,False,False,454,2.89,0.91,meets_target,979,2.36,0.49,uncertain,1491,1.07,0,below_target
tests/compiler-checker/fixtures/wrong-pattern-type.bend::Other,bend_datatype,4,False,False,1582,2.11,0.56,uncertain,1597,1.84,0.13,below_target,1562,0.97,0,below_target
tests/compiler-checker/fixtures/wrong-pattern-type.bend::f,bend_definition,6,False,False,1758,1.08,0.19,below_target,1807,0.95,0.06,below_target,1799,0.61,0,below_target
tests/compiler-checker/fixtures/wrong-pattern-type.bend::main,bend_definition,9,False,False,1702,1.61,0.36,below_target,1754,1.34,0.10999999999999997,below_target,1766,0.77,0,below_target
tests/compiler-structural/fixtures/bare-quantity-field.bend::Flag,bend_datatype,1,False,False,315,2.93,0.9400000000000001,meets_target,633,2.56,0.59,uncertain,1391,1.16,0.01,below_target
tests/compiler-structural/fixtures/bare-quantity-field.bend::Box,bend_datatype,4,False,False,1651,1.87,0.44,uncertain,1729,1.44,0.10000000000000002,below_target,1719,0.88,0,below_target
tests/compiler-structural/fixtures/bare-quantity-field.bend::main,bend_definition,6,False,False,1697,1.62,0.41000000000000003,uncertain,1713,1.51,0.15000000000000002,below_target,1780,0.7,0,below_target
tests/compiler-structural/fixtures/data-erased-type.bend::Flag,bend_datatype,1,False,False,279,2.94,0.93,meets_target,654,2.55,0.5700000000000001,uncertain,1366,1.19,0.01,below_target
tests/compiler-structural/fixtures/data-erased-type.bend::Payload,bend_datatype,4,False,False,1575,2.14,0.55,uncertain,1715,1.5,0.1,below_target,1742,0.86,0,below_target
tests/compiler-structural/fixtures/data-erased-type.bend::Box,bend_datatype,6,False,False,975,2.67,0.79,meets_target,1554,1.92,0.21,below_target,1469,1.09,0.01,below_target
tests/compiler-structural/fixtures/data-erased-type.bend::main,bend_definition,8,False,False,1686,1.66,0.43000000000000005,uncertain,1721,1.47,0.16,below_target,1789,0.67,0,below_target
tests/compiler-structural/fixtures/data-owns-type.bend::Flag,bend_datatype,1,False,False,212,2.96,0.9500000000000001,meets_target,535,2.61,0.62,meets_target,1403,1.15,0,below_target
tests/compiler-structural/fixtures/data-owns-type.bend::Payload,bend_datatype,4,False,False,1631,1.99,0.5,uncertain,1700,1.56,0.10000000000000002,below_target,1688,0.89,0,below_target
tests/compiler-structural/fixtures/data-owns-type.bend::Box,bend_datatype,6,False,False,953,2.68,0.78,meets_target,1462,2.04,0.19,below_target,1514,1.04,0,below_target
tests/compiler-structural/fixtures/data-owns-type.bend::main,bend_definition,8,False,False,1694,1.63,0.43000000000000005,uncertain,1710,1.52,0.16,below_target,1785,0.68,0,below_target
tests/compiler-structural/fixtures/duplicate-field-across-constructors.bend::Flag,bend_datatype,1,False,False,279,2.94,0.93,meets_target,535,2.61,0.66,meets_target,1384,1.17,0,below_target
tests/compiler-structural/fixtures/duplicate-field-across-constructors.bend::Box,bend_datatype,4,False,False,1254,2.49,0.65,meets_target,1148,2.24,0.42,uncertain,1491,1.07,0,below_target
tests/compiler-structural/fixtures/duplicate-field-across-constructors.bend::main,bend_definition,7,False,False,1716,1.54,0.39,below_target,1766,1.26,0.08999999999999998,below_target,1795,0.63,0,below_target
tests/compiler-structural/fixtures/field-quantities.bend::Flag,bend_datatype,1,False,False,279,2.94,0.92,meets_target,723,2.51,0.55,uncertain,1310,1.25,0.02,below_target
tests/compiler-structural/fixtures/field-quantities.bend::Payload,bend_datatype,4,False,False,1690,1.64,0.37,below_target,1760,1.31,0.08000000000000002,below_target,1582,0.94,0.02,below_target
tests/compiler-structural/fixtures/field-quantities.bend::Box,bend_datatype,6,False,False,1345,2.42,0.61,meets_target,1456,2.05,0.34,below_target,1207,1.35,0.06,below_target
tests/compiler-structural/fixtures/field-quantities.bend::main,bend_definition,8,False,False,1675,1.72,0.43999999999999995,uncertain,1733,1.43,0.12,below_target,1764,0.78,0.010000000000000002,below_target
tests/compiler-structural/fixtures/forward-field-type.bend::Box,bend_datatype,1,False,False,825,2.76,0.8383838383838383,meets_target,1568,1.89,0.12000000000000001,below_target,1555,0.98,0,below_target
tests/compiler-structural/fixtures/forward-field-type.bend::Flag,bend_datatype,3,False,False,162,2.98,0.9500000000000001,meets_target,586,2.58,0.61,meets_target,1391,1.16,0,below_target
tests/compiler-structural/fixtures/forward-field-type.bend::main,bend_definition,6,False,False,1742,1.34,0.32,below_target,1775,1.17,0.08000000000000002,below_target,1793,0.65,0,below_target
tests/compiler-structural/fixtures/function-field.bend::Flag,bend_datatype,1,False,False,190,2.97,0.94,meets_target,654,2.55,0.5700000000000001,uncertain,1350,1.21,0.01,below_target
tests/compiler-structural/fixtures/function-field.bend::Box,bend_datatype,4,False,False,893,2.72,0.81,meets_target,1433,2.08,0.27,below_target,1457,1.1,0.01,below_target
tests/compiler-structural/fixtures/function-field.bend::main,bend_definition,6,False,False,1680,1.69,0.43,uncertain,1759,1.32,0.1,below_target,1782,0.69,0,below_target
tests/compiler-structural/fixtures/many-owns-type.bend::Flag,bend_datatype,1,False,False,279,2.94,0.9500000000000001,meets_target,554,2.6,0.62,meets_target,1403,1.15,0,below_target
tests/compiler-structural/fixtures/many-owns-type.bend::Payload,bend_datatype,4,False,False,1580,2.12,0.54,uncertain,1676,1.65,0.1,below_target,1613,0.92,0,below_target
tests/compiler-structural/fixtures/many-owns-type.bend::Box,bend_datatype,6,False,False,990,2.66,0.78,meets_target,1462,2.04,0.23,below_target,1480,1.08,0.010000000000000002,below_target
tests/compiler-structural/fixtures/many-owns-type.bend::main,bend_definition,8,False,False,1716,1.54,0.39,below_target,1733,1.43,0.14,below_target,1789,0.67,0,below_target
tests/compiler-structural/fixtures/mutual-types.bend::Tree,bend_datatype,1,False,False,245,2.95,0.87,meets_target,391,2.68,0.71,meets_target,783,1.61,0.04,below_target
tests/compiler-structural/fixtures/mutual-types.bend::Forest,bend_datatype,4,False,False,245,2.95,0.86,meets_target,281,2.73,0.74,meets_target,1000,1.48,0.02,below_target
tests/compiler-structural/fixtures/mutual-types.bend::Flag,bend_datatype,7,False,False,354,2.92,0.93,meets_target,654,2.55,0.59,uncertain,1378,1.18,0.01,below_target
tests/compiler-structural/fixtures/mutual-types.bend::main,bend_definition,10,False,False,1778,0.88,0.2,below_target,1817,0.86,0.04,below_target,1823,0.44,0,below_target
tests/compiler-structural/fixtures/nested-type-kind.bend::Flag,bend_datatype,1,False,False,622,2.84,0.89,meets_target,870,2.42,0.48,uncertain,1429,1.13,0,below_target
tests/compiler-structural/fixtures/nested-type-kind.bend::Owned,bend_datatype,4,False,False,1603,2.07,0.5,uncertain,1593,1.85,0.27,below_target,1480,1.08,0.01,below_target
tests/compiler-structural/fixtures/nested-type-kind.bend::Middle,bend_datatype,6,False,False,1234,2.5,0.67,meets_target,1415,2.1,0.32,below_target,1436,1.12,0.01,below_target
tests/compiler-structural/fixtures/nested-type-kind.bend::Outer,bend_datatype,8,False,False,1305,2.45,0.61,meets_target,1342,2.15,0.33,below_target,1416,1.14,0.01,below_target
tests/compiler-structural/fixtures/nested-type-kind.bend::main,bend_definition,10,False,False,1690,1.64,0.42000000000000004,uncertain,1703,1.55,0.16,below_target,1775,0.73,0,below_target
tests/compiler-structural/fixtures/plain-field.bend::Flag,bend_datatype,1,False,False,190,2.97,0.9500000000000001,meets_target,475,2.64,0.66,meets_target,1366,1.19,0.01,below_target
tests/compiler-structural/fixtures/plain-field.bend::Box,bend_datatype,4,False,False,913,2.71,0.81,meets_target,1560,1.91,0.16,below_target,1541,1,0,below_target
tests/compiler-structural/fixtures/plain-field.bend::main,bend_definition,6,False,False,1647,1.9,0.52,uncertain,1692,1.59,0.16,below_target,1768,0.76,0,below_target
tests/compiler-structural/fixtures/recursive-tree.bend::Flag,bend_datatype,1,False,False,126,2.99,0.94,meets_target,334,2.71,0.72,meets_target,1391,1.16,0,below_target
tests/compiler-structural/fixtures/recursive-tree.bend::Tree,bend_datatype,4,False,False,162,2.98,0.9,meets_target,246,2.75,0.75,meets_target,1098,1.42,0.01,below_target
tests/compiler-structural/fixtures/recursive-tree.bend::main,bend_definition,7,False,False,1753,1.16,0.26,below_target,1798,1.01,0.04,below_target,1811,0.56,0,below_target
tests/compiler-structural/fixtures/type-field.bend::Flag,bend_datatype,1,False,False,279,2.94,0.9400000000000001,meets_target,586,2.58,0.62,meets_target,1391,1.16,0.01,below_target
tests/compiler-structural/fixtures/type-field.bend::Box,bend_datatype,4,False,False,1283,2.47,0.69,meets_target,1635,1.76,0.18,below_target,1530,1.02,0.01,below_target
tests/compiler-structural/fixtures/type-field.bend::main,bend_definition,6,False,False,1611,2.05,0.56,uncertain,1669,1.67,0.18000000000000002,below_target,1778,0.71,0,below_target
tests/compiler-structural/fixtures/unknown-field-type.bend::Flag,bend_datatype,1,False,False,393,2.91,0.92,meets_target,850,2.43,0.52,uncertain,1457,1.1,0,below_target
tests/compiler-structural/fixtures/unknown-field-type.bend::Box,bend_datatype,4,False,False,1739,1.38,0.29000000000000004,below_target,1793,1.03,0.03,below_target,1806,0.59,0,below_target
tests/compiler-structural/fixtures/unknown-field-type.bend::main,bend_definition,6,False,False,1729,1.48,0.37,below_target,1760,1.31,0.13,below_target,1807,0.58,0,below_target
tests/compiler-structural/fixtures/unused-invalid-fields.bend::Flag,bend_datatype,1,False,False,393,2.91,0.92,meets_target,586,2.58,0.61,meets_target,1416,1.14,0,below_target
tests/compiler-structural/fixtures/unused-invalid-fields.bend::Unused,bend_datatype,4,False,False,1668,1.75,0.38,below_target,1700,1.56,0.05,below_target,1663,0.9,0,below_target
tests/compiler-structural/fixtures/unused-invalid-fields.bend::Owned,bend_datatype,6,False,False,1648,1.89,0.44999999999999996,uncertain,1725,1.46,0.10000000000000002,below_target,1688,0.89,0,below_target
tests/compiler-structural/fixtures/unused-invalid-fields.bend::main,bend_definition,8,False,False,1721,1.51,0.37,below_target,1750,1.36,0.13,below_target,1804,0.6,0,below_target
tests/compiler-structural/observe.bend::fields,bend_definition,11,False,False,825,2.76,0.77,meets_target,263,2.74,0.78,meets_target,223,2.05,0.2,below_target
tests/compiler-structural/observe.bend::constructors,bend_definition,17,False,False,696,2.82,0.8,meets_target,151,2.81,0.81,meets_target,290,1.99,0.16,below_target
tests/compiler-structural/observe.bend::types,bend_definition,23,False,False,1053,2.62,0.62,meets_target,187,2.78,0.8,meets_target,161,2.11,0.25,below_target
tests/compiler-structural/observe.bend::catalog,bend_definition,29,False,False,1087,2.6,0.6,meets_target,246,2.75,0.77,meets_target,161,2.11,0.27,below_target
tests/compiler-structural/observe.bend::parsed,bend_definition,34,True,False,550,2.86,0.86,meets_target,246,2.75,0.75,meets_target,538,1.81,0.16,below_target
tests/compiler-structural/observe.bend::read_result,bend_definition,39,True,False,930,2.7,0.72,meets_target,1016,2.34,0.51,uncertain,211,2.06,0.32999999999999996,below_target
tests/compiler-structural/observe.bend::read_pair,bend_definition,45,True,False,990,2.66,0.74,meets_target,1456,2.05,0.32,below_target,851,1.56,0.16999999999999998,below_target
tests/compiler-structural/observe.bend::opened,bend_definition,51,True,False,1195,2.53,0.5800000000000001,uncertain,979,2.36,0.5,uncertain,243,2.03,0.33,below_target
tests/compiler-structural/observe.bend::arguments,bend_definition,56,True,False,1345,2.42,0.53,uncertain,1406,2.11,0.4,below_target,384,1.91,0.29000000000000004,below_target
tests/compiler-structural/observe.bend::main,bend_definition,62,True,False,1254,2.49,0.52,uncertain,1049,2.32,0.51,uncertain,148,2.13,0.39999999999999997,below_target
tests/compiler-wasm/fixtures/argument-order.bend::Flag,bend_datatype,1,False,False,190,2.97,0.94,meets_target,433,2.66,0.67,meets_target,1391,1.16,0.0101010101010101,below_target
tests/compiler-wasm/fixtures/argument-order.bend::first,bend_definition,4,False,False,877,2.73,0.8400000000000001,meets_target,1679,1.64,0.14,below_target,1505,1.05,0.02,below_target
tests/compiler-wasm/fixtures/argument-order.bend::second,bend_definition,6,False,False,425,2.9,0.9299999999999999,meets_target,1581,1.87,0.23,below_target,1457,1.1,0.02,below_target
tests/compiler-wasm/fixtures/argument-order.bend::main,bend_definition,8,False,False,741,2.8,0.87,meets_target,1106,2.28,0.47000000000000003,uncertain,1110,1.41,0.06999999999999999,below_target
tests/compiler-wasm/fixtures/branch-locals.bend::Flag,bend_datatype,1,False,False,279,2.94,0.91,meets_target,742,2.5,0.56,uncertain,1350,1.21,0.01,below_target
tests/compiler-wasm/fixtures/branch-locals.bend::identity,bend_definition,4,False,False,190,2.97,0.97,meets_target,1148,2.24,0.37,below_target,1549,0.99,0,below_target
tests/compiler-wasm/fixtures/branch-locals.bend::f,bend_definition,6,False,False,1784,0.82,0.05,below_target,1817,0.86,0.02,below_target,1514,1.04,0.01,below_target
tests/compiler-wasm/fixtures/branch-locals.bend::main,bend_definition,15,False,False,1654,1.86,0.37,below_target,1648,1.72,0.26,below_target,1296,1.26,0.03,below_target
tests/compiler-wasm/fixtures/erased-cost.bend::Flag,bend_datatype,1,False,False,354,2.92,0.9099999999999999,meets_target,850,2.43,0.53,uncertain,1178,1.37,0.04,below_target
tests/compiler-wasm/fixtures/erased-cost.bend::identity,bend_definition,4,False,False,62,3.04,0.99,meets_target,870,2.42,0.49,uncertain,1505,1.05,0.01,below_target
tests/compiler-wasm/fixtures/erased-cost.bend::constant,bend_definition,6,False,False,1721,1.51,0.36,below_target,1771,1.19,0.16,below_target,1688,0.89,0.02,below_target
tests/compiler-wasm/fixtures/erased-cost.bend::main,bend_definition,8,False,False,1746,1.29,0.19,below_target,1775,1.17,0.08000000000000002,below_target,1225,1.33,0.04040404040404041,below_target
tests/compiler-wasm/fixtures/high-function-index.bend::Flag,bend_datatype,1,True,False,212,2.96,0.9500000000000001,meets_target,586,2.58,0.61,meets_target,1429,1.13,0,below_target
tests/compiler-wasm/fixtures/high-function-index.bend::f0,bend_definition,4,False,False,587,2.85,0.9,meets_target,1319,2.16,0.3,below_target,1598,0.93,0,below_target
tests/compiler-wasm/fixtures/high-function-index.bend::f1,bend_definition,6,False,False,520,2.87,0.91,meets_target,1167,2.23,0.3434343434343435,below_target,1567,0.96,0,below_target
tests/compiler-wasm/fixtures/high-function-index.bend::f2,bend_definition,8,False,False,454,2.89,0.91,meets_target,1236,2.2,0.31,below_target,1663,0.9,0,below_target
tests/compiler-wasm/fixtures/high-function-index.bend::f3,bend_definition,10,False,False,550,2.86,0.91,meets_target,1394,2.12,0.27,below_target,1636,0.91,0,below_target
tests/compiler-wasm/fixtures/high-function-index.bend::f4,bend_definition,12,False,False,486,2.88,0.91,meets_target,1236,2.2,0.32,below_target,1636,0.91,0,below_target
tests/compiler-wasm/fixtures/high-function-index.bend::f5,bend_definition,14,False,False,550,2.86,0.91,meets_target,1135,2.25,0.36,below_target,1613,0.92,0,below_target
tests/compiler-wasm/fixtures/high-function-index.bend::f6,bend_definition,16,False,False,454,2.89,0.92,meets_target,1167,2.23,0.34,below_target,1613,0.92,0,below_target
tests/compiler-wasm/fixtures/high-function-index.bend::f7,bend_definition,18,False,False,520,2.87,0.91,meets_target,1319,2.16,0.3,below_target,1613,0.92,0,below_target
tests/compiler-wasm/fixtures/high-function-index.bend::f8,bend_definition,20,False,False,454,2.89,0.91,meets_target,1106,2.28,0.37,below_target,1598,0.93,0,below_target
tests/compiler-wasm/fixtures/high-function-index.bend::f9,bend_definition,22,False,False,657,2.83,0.88,meets_target,1236,2.2,0.33,below_target,1636,0.91,0,below_target
tests/compiler-wasm/fixtures/high-function-index.bend::f10,bend_definition,24,False,False,550,2.86,0.91,meets_target,1304,2.17,0.3,below_target,1582,0.94,0,below_target
tests/compiler-wasm/fixtures/high-function-index.bend::f11,bend_definition,26,False,False,486,2.88,0.9099999999999999,meets_target,1121,2.26,0.36,below_target,1636,0.91,0,below_target
tests/compiler-wasm/fixtures/high-function-index.bend::f12,bend_definition,28,False,False,657,2.83,0.9,meets_target,1319,2.16,0.29000000000000004,below_target,1613,0.92,0,below_target
tests/compiler-wasm/fixtures/high-function-index.bend::f13,bend_definition,30,False,False,741,2.8,0.89,meets_target,1394,2.12,0.27,below_target,1719,0.88,0,below_target
tests/compiler-wasm/fixtures/high-function-index.bend::f14,bend_definition,32,False,False,587,2.85,0.8999999999999999,meets_target,1319,2.16,0.3,below_target,1663,0.9,0,below_target
tests/compiler-wasm/fixtures/high-function-index.bend::f15,bend_definition,34,False,False,550,2.86,0.91,meets_target,1236,2.2,0.34,below_target,1663,0.9,0,below_target
tests/compiler-wasm/fixtures/high-function-index.bend::f16,bend_definition,36,False,False,716,2.81,0.89,meets_target,1261,2.19,0.32323232323232326,below_target,1613,0.92,0,below_target
tests/compiler-wasm/fixtures/high-function-index.bend::f17,bend_definition,38,False,False,716,2.81,0.89,meets_target,1378,2.13,0.28,below_target,1663,0.9,0,below_target
tests/compiler-wasm/fixtures/high-function-index.bend::f18,bend_definition,40,False,False,696,2.82,0.89,meets_target,1236,2.2,0.32,below_target,1663,0.9,0,below_target
tests/compiler-wasm/fixtures/high-function-index.bend::f19,bend_definition,42,False,False,587,2.85,0.91,meets_target,1121,2.26,0.37,below_target,1613,0.92,0,below_target
tests/compiler-wasm/fixtures/high-function-index.bend::f20,bend_definition,44,False,False,454,2.89,0.92,meets_target,1167,2.23,0.34,below_target,1582,0.94,0,below_target
tests/compiler-wasm/fixtures/high-function-index.bend::f21,bend_definition,46,False,False,454,2.89,0.91,meets_target,1148,2.24,0.3535353535353536,below_target,1613,0.92,0,below_target
tests/compiler-wasm/fixtures/high-function-index.bend::f22,bend_definition,48,False,False,550,2.86,0.91,meets_target,1202,2.21,0.33,below_target,1598,0.93,0,below_target
tests/compiler-wasm/fixtures/high-function-index.bend::f23,bend_definition,50,False,False,622,2.84,0.9,meets_target,1261,2.19,0.32,below_target,1636,0.91,0,below_target
tests/compiler-wasm/fixtures/high-function-index.bend::f24,bend_definition,52,False,False,622,2.84,0.9,meets_target,1236,2.2,0.33,below_target,1663,0.9,0,below_target
tests/compiler-wasm/fixtures/high-function-index.bend::f25,bend_definition,54,False,False,587,2.85,0.91,meets_target,1148,2.24,0.34,below_target,1636,0.91,0,below_target
tests/compiler-wasm/fixtures/high-function-index.bend::f26,bend_definition,56,False,False,696,2.82,0.89,meets_target,1319,2.16,0.31,below_target,1688,0.89,0,below_target
tests/compiler-wasm/fixtures/high-function-index.bend::f27,bend_definition,58,False,False,716,2.81,0.8899999999999999,meets_target,1236,2.2,0.33,below_target,1636,0.91,0,below_target
tests/compiler-wasm/fixtures/high-function-index.bend::f28,bend_definition,60,False,False,520,2.87,0.91,meets_target,1202,2.21,0.32323232323232326,below_target,1636,0.91,0,below_target
tests/compiler-wasm/fixtures/high-function-index.bend::f29,bend_definition,62,False,False,716,2.81,0.89,meets_target,1378,2.13,0.29000000000000004,below_target,1748,0.85,0,below_target
tests/compiler-wasm/fixtures/high-function-index.bend::f30,bend_definition,64,False,False,454,2.89,0.92,meets_target,1148,2.24,0.33,below_target,1598,0.93,0,below_target
tests/compiler-wasm/fixtures/high-function-index.bend::f31,bend_definition,66,False,False,696,2.82,0.89,meets_target,1366,2.14,0.28,below_target,1719,0.88,0,below_target
tests/compiler-wasm/fixtures/high-function-index.bend::f32,bend_definition,68,False,False,622,2.84,0.9,meets_target,1261,2.19,0.31,below_target,1598,0.93,0,below_target
tests/compiler-wasm/fixtures/high-function-index.bend::f33,bend_definition,70,False,False,764,2.79,0.88,meets_target,1342,2.15,0.3,below_target,1748,0.85,0,below_target
tests/compiler-wasm/fixtures/high-function-index.bend::f34,bend_definition,72,False,False,790,2.78,0.87,meets_target,1378,2.13,0.27,below_target,1688,0.89,0,below_target
tests/compiler-wasm/fixtures/high-function-index.bend::f35,bend_definition,74,False,False,550,2.86,0.91,meets_target,1202,2.21,0.32,below_target,1719,0.88,0,below_target
tests/compiler-wasm/fixtures/high-function-index.bend::f36,bend_definition,76,False,False,657,2.83,0.9,meets_target,1304,2.17,0.31,below_target,1719,0.88,0,below_target
tests/compiler-wasm/fixtures/high-function-index.bend::f37,bend_definition,78,False,False,520,2.87,0.9,meets_target,1236,2.2,0.31,below_target,1663,0.9,0,below_target
tests/compiler-wasm/fixtures/high-function-index.bend::f38,bend_definition,80,False,False,622,2.84,0.9,meets_target,1394,2.12,0.27,below_target,1719,0.88,0,below_target
tests/compiler-wasm/fixtures/high-function-index.bend::f39,bend_definition,82,False,False,696,2.82,0.89,meets_target,1342,2.15,0.31,below_target,1636,0.91,0,below_target
tests/compiler-wasm/fixtures/high-function-index.bend::f40,bend_definition,84,False,False,486,2.88,0.9099999999999999,meets_target,1148,2.24,0.33,below_target,1598,0.93,0,below_target
tests/compiler-wasm/fixtures/high-function-index.bend::f41,bend_definition,86,False,False,354,2.92,0.93,meets_target,1236,2.2,0.32,below_target,1598,0.93,0,below_target
tests/compiler-wasm/fixtures/high-function-index.bend::f42,bend_definition,88,False,False,425,2.9,0.92,meets_target,1121,2.26,0.35000000000000003,below_target,1636,0.91,0,below_target
tests/compiler-wasm/fixtures/high-function-index.bend::f43,bend_definition,90,False,False,550,2.86,0.91,meets_target,1187,2.22,0.33,below_target,1719,0.88,0,below_target
tests/compiler-wasm/fixtures/high-function-index.bend::f44,bend_definition,92,False,False,550,2.86,0.9,meets_target,1289,2.18,0.31,below_target,1719,0.88,0,below_target
tests/compiler-wasm/fixtures/high-function-index.bend::f45,bend_definition,94,False,False,622,2.84,0.9,meets_target,1319,2.16,0.3,below_target,1719,0.88,0,below_target
tests/compiler-wasm/fixtures/high-function-index.bend::f46,bend_definition,96,False,False,587,2.85,0.9,meets_target,1304,2.17,0.31,below_target,1636,0.91,0,below_target
tests/compiler-wasm/fixtures/high-function-index.bend::f47,bend_definition,98,False,False,425,2.9,0.92,meets_target,1202,2.21,0.33,below_target,1688,0.89,0,below_target
tests/compiler-wasm/fixtures/high-function-index.bend::f48,bend_definition,100,False,False,520,2.87,0.9,meets_target,1113,2.27,0.36,below_target,1582,0.94,0,below_target
tests/compiler-wasm/fixtures/high-function-index.bend::f49,bend_definition,102,False,False,716,2.81,0.8700000000000001,meets_target,1289,2.18,0.32,below_target,1719,0.88,0,below_target
tests/compiler-wasm/fixtures/high-function-index.bend::f50,bend_definition,104,False,False,315,2.93,0.9400000000000001,meets_target,1135,2.25,0.33,below_target,1598,0.93,0,below_target
tests/compiler-wasm/fixtures/high-function-index.bend::f51,bend_definition,106,False,False,550,2.86,0.91,meets_target,1261,2.19,0.31,below_target,1663,0.9,0,below_target
tests/compiler-wasm/fixtures/high-function-index.bend::f52,bend_definition,108,False,False,520,2.87,0.91,meets_target,1304,2.17,0.29000000000000004,below_target,1663,0.9,0,below_target
tests/compiler-wasm/fixtures/high-function-index.bend::f53,bend_definition,110,False,False,716,2.81,0.89,meets_target,1366,2.14,0.29000000000000004,below_target,1735,0.87,0,below_target
tests/compiler-wasm/fixtures/high-function-index.bend::f54,bend_definition,112,False,False,520,2.87,0.91,meets_target,1135,2.25,0.3434343434343435,below_target,1688,0.89,0,below_target
tests/compiler-wasm/fixtures/high-function-index.bend::f55,bend_definition,114,False,False,550,2.86,0.91,meets_target,1304,2.17,0.3,below_target,1636,0.91,0,below_target
tests/compiler-wasm/fixtures/high-function-index.bend::f56,bend_definition,116,False,False,550,2.86,0.9099999999999999,meets_target,1148,2.24,0.36000000000000004,below_target,1636,0.91,0,below_target
tests/compiler-wasm/fixtures/high-function-index.bend::f57,bend_definition,118,False,False,716,2.81,0.89,meets_target,1289,2.18,0.32323232323232326,below_target,1688,0.89,0,below_target
tests/compiler-wasm/fixtures/high-function-index.bend::f58,bend_definition,120,False,False,622,2.84,0.9,meets_target,1236,2.2,0.32323232323232326,below_target,1688,0.89,0,below_target
tests/compiler-wasm/fixtures/high-function-index.bend::f59,bend_definition,122,False,False,550,2.86,0.91,meets_target,1202,2.21,0.33,below_target,1663,0.9,0,below_target
tests/compiler-wasm/fixtures/high-function-index.bend::f60,bend_definition,124,False,False,454,2.89,0.92,meets_target,1167,2.23,0.34,below_target,1598,0.93,0,below_target
tests/compiler-wasm/fixtures/high-function-index.bend::f61,bend_definition,126,False,False,716,2.81,0.89,meets_target,1406,2.11,0.27,below_target,1663,0.9,0,below_target
tests/compiler-wasm/fixtures/high-function-index.bend::f62,bend_definition,128,False,False,486,2.88,0.91,meets_target,1202,2.21,0.32323232323232326,below_target,1613,0.92,0,below_target
tests/compiler-wasm/fixtures/high-function-index.bend::f63,bend_definition,130,False,False,425,2.9,0.92,meets_target,1121,2.26,0.3535353535353536,below_target,1613,0.92,0,below_target
tests/compiler-wasm/fixtures/high-function-index.bend::f64,bend_definition,132,False,False,696,2.82,0.9,meets_target,1236,2.2,0.31,below_target,1567,0.96,0,below_target
tests/compiler-wasm/fixtures/high-function-index.bend::f65,bend_definition,134,False,False,550,2.86,0.91,meets_target,1187,2.22,0.32,below_target,1688,0.89,0,below_target
tests/compiler-wasm/fixtures/high-function-index.bend::f66,bend_definition,136,False,False,587,2.85,0.91,meets_target,1342,2.15,0.3,below_target,1719,0.88,0,below_target
tests/compiler-wasm/fixtures/high-function-index.bend::f67,bend_definition,138,False,False,696,2.82,0.8799999999999999,meets_target,1366,2.14,0.29000000000000004,below_target,1663,0.9,0,below_target
tests/compiler-wasm/fixtures/high-function-index.bend::f68,bend_definition,140,False,False,657,2.83,0.89,meets_target,1406,2.11,0.28,below_target,1742,0.86,0,below_target
tests/compiler-wasm/fixtures/high-function-index.bend::f69,bend_definition,142,False,False,550,2.86,0.91,meets_target,1261,2.19,0.32,below_target,1735,0.87,0,below_target
tests/compiler-wasm/fixtures/high-function-index.bend::f70,bend_definition,144,False,False,486,2.88,0.91,meets_target,1261,2.19,0.31,below_target,1719,0.88,0,below_target
tests/compiler-wasm/fixtures/high-function-index.bend::f71,bend_definition,146,False,False,550,2.86,0.9,meets_target,1342,2.15,0.3,below_target,1688,0.89,0,below_target
tests/compiler-wasm/fixtures/high-function-index.bend::f72,bend_definition,148,False,False,587,2.85,0.9,meets_target,1304,2.17,0.32,below_target,1688,0.89,0,below_target
tests/compiler-wasm/fixtures/high-function-index.bend::f73,bend_definition,150,False,False,622,2.84,0.9,meets_target,1187,2.22,0.34,below_target,1688,0.89,0,below_target
tests/compiler-wasm/fixtures/high-function-index.bend::f74,bend_definition,152,False,False,696,2.82,0.89,meets_target,1261,2.19,0.31,below_target,1688,0.89,0,below_target
tests/compiler-wasm/fixtures/high-function-index.bend::f75,bend_definition,154,False,False,550,2.86,0.8999999999999999,meets_target,1261,2.19,0.32,below_target,1663,0.9,0,below_target
tests/compiler-wasm/fixtures/high-function-index.bend::f76,bend_definition,156,False,False,622,2.84,0.9,meets_target,1202,2.21,0.33,below_target,1688,0.89,0,below_target
tests/compiler-wasm/fixtures/high-function-index.bend::f77,bend_definition,158,False,False,550,2.86,0.91,meets_target,1304,2.17,0.29000000000000004,below_target,1663,0.9,0,below_target
tests/compiler-wasm/fixtures/high-function-index.bend::f78,bend_definition,160,False,False,587,2.85,0.9,meets_target,1202,2.21,0.33,below_target,1613,0.92,0,below_target
tests/compiler-wasm/fixtures/high-function-index.bend::f79,bend_definition,162,False,False,550,2.86,0.91,meets_target,1289,2.18,0.31,below_target,1719,0.88,0,below_target
tests/compiler-wasm/fixtures/high-function-index.bend::f80,bend_definition,164,False,False,716,2.81,0.89,meets_target,1202,2.21,0.33,below_target,1663,0.9,0,below_target
tests/compiler-wasm/fixtures/high-function-index.bend::f81,bend_definition,166,False,False,764,2.79,0.88,meets_target,1261,2.19,0.34,below_target,1582,0.94,0,below_target
tests/compiler-wasm/fixtures/high-function-index.bend::f82,bend_definition,168,False,False,622,2.84,0.9,meets_target,1342,2.15,0.32,below_target,1688,0.89,0,below_target
tests/compiler-wasm/fixtures/high-function-index.bend::f83,bend_definition,170,False,False,657,2.83,0.89,meets_target,1319,2.16,0.31,below_target,1613,0.92,0,below_target
tests/compiler-wasm/fixtures/high-function-index.bend::f84,bend_definition,172,False,False,741,2.8,0.88,meets_target,1378,2.13,0.29000000000000004,below_target,1636,0.91,0,below_target
tests/compiler-wasm/fixtures/high-function-index.bend::f85,bend_definition,174,False,False,587,2.85,0.91,meets_target,1319,2.16,0.31,below_target,1663,0.9,0,below_target
tests/compiler-wasm/fixtures/high-function-index.bend::f86,bend_definition,176,False,False,657,2.83,0.9,meets_target,1342,2.15,0.29000000000000004,below_target,1719,0.88,0,below_target
tests/compiler-wasm/fixtures/high-function-index.bend::f87,bend_definition,178,False,False,622,2.84,0.9,meets_target,1236,2.2,0.32,below_target,1636,0.91,0,below_target
tests/compiler-wasm/fixtures/high-function-index.bend::f88,bend_definition,180,False,False,486,2.88,0.91,meets_target,1289,2.18,0.31,below_target,1735,0.87,0,below_target
tests/compiler-wasm/fixtures/high-function-index.bend::f89,bend_definition,182,False,False,696,2.82,0.89,meets_target,1342,2.15,0.3,below_target,1742,0.86,0,below_target
tests/compiler-wasm/fixtures/high-function-index.bend::f90,bend_definition,184,False,False,486,2.88,0.92,meets_target,1342,2.15,0.28,below_target,1688,0.89,0,below_target
tests/compiler-wasm/fixtures/high-function-index.bend::f91,bend_definition,186,False,False,520,2.87,0.91,meets_target,1202,2.21,0.32,below_target,1613,0.92,0.01,below_target
tests/compiler-wasm/fixtures/high-function-index.bend::f92,bend_definition,188,False,False,657,2.83,0.89,meets_target,1261,2.19,0.32,below_target,1688,0.89,0,below_target
tests/compiler-wasm/fixtures/high-function-index.bend::f93,bend_definition,190,False,False,587,2.85,0.9,meets_target,1202,2.21,0.32,below_target,1663,0.9,0,below_target
tests/compiler-wasm/fixtures/high-function-index.bend::f94,bend_definition,192,False,False,657,2.83,0.9,meets_target,1187,2.22,0.33,below_target,1719,0.88,0,below_target
tests/compiler-wasm/fixtures/high-function-index.bend::f95,bend_definition,194,False,False,657,2.83,0.9,meets_target,1319,2.16,0.31,below_target,1582,0.94,0.01,below_target
tests/compiler-wasm/fixtures/high-function-index.bend::f96,bend_definition,196,False,False,790,2.78,0.87,meets_target,1394,2.12,0.28,below_target,1688,0.89,0,below_target
tests/compiler-wasm/fixtures/high-function-index.bend::f97,bend_definition,198,False,False,622,2.84,0.9,meets_target,1342,2.15,0.3,below_target,1636,0.91,0,below_target
tests/compiler-wasm/fixtures/high-function-index.bend::f98,bend_definition,200,False,False,587,2.85,0.9,meets_target,1261,2.19,0.33,below_target,1688,0.89,0,below_target
tests/compiler-wasm/fixtures/high-function-index.bend::f99,bend_definition,202,False,False,657,2.83,0.89,meets_target,1202,2.21,0.33,below_target,1719,0.88,0,below_target
tests/compiler-wasm/fixtures/high-function-index.bend::f100,bend_definition,204,False,False,550,2.86,0.91,meets_target,1095,2.29,0.37,below_target,1567,0.96,0,below_target
tests/compiler-wasm/fixtures/high-function-index.bend::f101,bend_definition,206,False,False,520,2.87,0.91,meets_target,1261,2.19,0.31,below_target,1567,0.96,0,below_target
tests/compiler-wasm/fixtures/high-function-index.bend::f102,bend_definition,208,False,False,587,2.85,0.9,meets_target,1202,2.21,0.33,below_target,1573,0.95,0,below_target
tests/compiler-wasm/fixtures/high-function-index.bend::f103,bend_definition,210,False,False,520,2.87,0.91,meets_target,1148,2.24,0.35000000000000003,below_target,1598,0.93,0,below_target
tests/compiler-wasm/fixtures/high-function-index.bend::f104,bend_definition,212,False,False,741,2.8,0.89,meets_target,1135,2.25,0.37,below_target,1613,0.92,0,below_target
tests/compiler-wasm/fixtures/high-function-index.bend::f105,bend_definition,214,False,False,550,2.86,0.9,meets_target,1148,2.24,0.34,below_target,1582,0.94,0,below_target
tests/compiler-wasm/fixtures/high-function-index.bend::f106,bend_definition,216,False,False,825,2.76,0.8600000000000001,meets_target,1342,2.15,0.31,below_target,1636,0.91,0,below_target
tests/compiler-wasm/fixtures/high-function-index.bend::f107,bend_definition,218,False,False,764,2.79,0.88,meets_target,1319,2.16,0.3,below_target,1688,0.89,0,below_target
tests/compiler-wasm/fixtures/high-function-index.bend::f108,bend_definition,220,False,False,622,2.84,0.9,meets_target,1187,2.22,0.33333333333333337,below_target,1636,0.91,0,below_target
tests/compiler-wasm/fixtures/high-function-index.bend::f109,bend_definition,222,False,False,486,2.88,0.9099999999999999,meets_target,1236,2.2,0.32,below_target,1663,0.9,0,below_target
tests/compiler-wasm/fixtures/high-function-index.bend::f110,bend_definition,224,False,False,622,2.84,0.9,meets_target,1202,2.21,0.32,below_target,1582,0.94,0,below_target
tests/compiler-wasm/fixtures/high-function-index.bend::f111,bend_definition,226,False,False,622,2.84,0.9,meets_target,1202,2.21,0.34,below_target,1636,0.91,0,below_target
tests/compiler-wasm/fixtures/high-function-index.bend::f112,bend_definition,228,False,False,622,2.84,0.9,meets_target,1319,2.16,0.32,below_target,1688,0.89,0,below_target
tests/compiler-wasm/fixtures/high-function-index.bend::f113,bend_definition,230,False,False,587,2.85,0.9,meets_target,1202,2.21,0.32,below_target,1636,0.91,0,below_target
tests/compiler-wasm/fixtures/high-function-index.bend::f114,bend_definition,232,False,False,657,2.83,0.89,meets_target,1304,2.17,0.31,below_target,1688,0.89,0,below_target
tests/compiler-wasm/fixtures/high-function-index.bend::f115,bend_definition,234,False,False,657,2.83,0.89,meets_target,1202,2.21,0.33,below_target,1636,0.91,0,below_target
tests/compiler-wasm/fixtures/high-function-index.bend::f116,bend_definition,236,False,False,716,2.81,0.89,meets_target,1202,2.21,0.34,below_target,1688,0.89,0,below_target
tests/compiler-wasm/fixtures/high-function-index.bend::f117,bend_definition,238,False,False,716,2.81,0.89,meets_target,1378,2.13,0.28,below_target,1663,0.9,0,below_target
tests/compiler-wasm/fixtures/high-function-index.bend::f118,bend_definition,240,False,False,454,2.89,0.9099999999999999,meets_target,1135,2.25,0.34,below_target,1613,0.92,0,below_target
tests/compiler-wasm/fixtures/high-function-index.bend::f119,bend_definition,242,False,False,696,2.82,0.89,meets_target,1366,2.14,0.29000000000000004,below_target,1688,0.89,0,below_target
tests/compiler-wasm/fixtures/high-function-index.bend::f120,bend_definition,244,False,False,622,2.84,0.91,meets_target,1167,2.23,0.3434343434343435,below_target,1613,0.92,0,below_target
tests/compiler-wasm/fixtures/high-function-index.bend::f121,bend_definition,246,False,False,657,2.83,0.89,meets_target,1289,2.18,0.33,below_target,1636,0.91,0,below_target
tests/compiler-wasm/fixtures/high-function-index.bend::f122,bend_definition,248,False,False,393,2.91,0.9199999999999999,meets_target,1167,2.23,0.34,below_target,1613,0.92,0,below_target
tests/compiler-wasm/fixtures/high-function-index.bend::f123,bend_definition,250,False,False,622,2.84,0.9,meets_target,1406,2.11,0.27,below_target,1742,0.86,0,below_target
tests/compiler-wasm/fixtures/high-function-index.bend::f124,bend_definition,252,False,False,825,2.76,0.8600000000000001,meets_target,1261,2.19,0.33,below_target,1742,0.86,0,below_target
tests/compiler-wasm/fixtures/high-function-index.bend::f125,bend_definition,254,False,False,622,2.84,0.9,meets_target,1261,2.19,0.31,below_target,1613,0.92,0,below_target
tests/compiler-wasm/fixtures/high-function-index.bend::f126,bend_definition,256,False,False,657,2.83,0.89,meets_target,1304,2.17,0.31,below_target,1613,0.92,0,below_target
tests/compiler-wasm/fixtures/high-function-index.bend::f127,bend_definition,258,False,False,696,2.82,0.89,meets_target,1319,2.16,0.31,below_target,1688,0.89,0,below_target
tests/compiler-wasm/fixtures/high-function-index.bend::f128,bend_definition,260,False,False,764,2.79,0.88,meets_target,1289,2.18,0.33,below_target,1760,0.8,0,below_target
tests/compiler-wasm/fixtures/high-function-index.bend::main,bend_definition,262,False,False,1360,2.41,0.7000000000000001,meets_target,1642,1.75,0.17,below_target,1742,0.86,0,below_target
tests/compiler-wasm/fixtures/high-local-index.bend::Flag,bend_datatype,1,False,False,190,2.97,0.94,meets_target,910,2.4,0.46,uncertain,1378,1.18,0.03,below_target
tests/compiler-wasm/fixtures/high-local-index.bend::pick,bend_definition,4,False,False,1671,1.74,0.43999999999999995,uncertain,1765,1.27,0.09999999999999999,below_target,1757,0.82,0.0101010101010101,below_target
tests/compiler-wasm/fixtures/high-local-index.bend::main,bend_definition,6,False,False,1681,1.68,0.39999999999999997,below_target,1696,1.58,0.24,below_target,1043,1.45,0.12,below_target
tests/compiler-wasm/fixtures/high-tags.bend::Tag,bend_datatype,1,False,False,1796,0.7,0.08080808080808081,below_target,1708,1.53,0.12,below_target,1491,1.07,0.01,below_target
tests/compiler-wasm/fixtures/high-tags.bend::identity,bend_definition,259,False,False,62,3.04,0.97,meets_target,1095,2.29,0.35000000000000003,below_target,1536,1.01,0.01,below_target
tests/compiler-wasm/fixtures/high-tags.bend::high,bend_definition,261,False,False,893,2.72,0.86,meets_target,958,2.37,0.42000000000000004,uncertain,1530,1.02,0.02,below_target
tests/compiler-wasm/fixtures/high-tags.bend::signed_edge,bend_definition,263,False,False,1690,1.64,0.41000000000000003,uncertain,1687,1.6,0.14,below_target,1748,0.85,0.01,below_target
tests/compiler-wasm/fixtures/high-tags.bend::main,bend_definition,265,False,False,1410,2.37,0.68,meets_target,1482,2.02,0.21000000000000002,below_target,1549,0.99,0.02,below_target
tests/compiler-wasm/fixtures/mixed-types.bend::Flag,bend_datatype,1,False,False,279,2.94,0.93,meets_target,633,2.56,0.61,meets_target,1319,1.24,0.01,below_target
tests/compiler-wasm/fixtures/mixed-types.bend::Color,bend_datatype,4,False,False,1154,2.56,0.72,meets_target,910,2.4,0.49,uncertain,1333,1.23,0.01,below_target
tests/compiler-wasm/fixtures/mixed-types.bend::choose,bend_definition,9,False,False,1234,2.5,0.71,meets_target,1167,2.23,0.44,uncertain,1140,1.39,0.05,below_target
tests/compiler-wasm/fixtures/mixed-types.bend::main,bend_definition,14,False,False,790,2.78,0.85,meets_target,943,2.38,0.52,uncertain,966,1.5,0.09,below_target
tests/compiler-wasm/fixtures/three-colors.bend::Color,bend_datatype,1,False,False,764,2.79,0.8400000000000001,meets_target,309,2.72,0.7200000000000001,meets_target,823,1.58,0.04,below_target
tests/compiler-wasm/fixtures/three-colors.bend::cycle,bend_definition,6,False,False,1495,2.27,0.58,uncertain,1,3.12,0.9500000000000001,meets_target,481,1.85,0.07,below_target
tests/compiler-wasm/fixtures/three-colors.bend::main,bend_definition,12,False,False,315,2.93,0.93,meets_target,571,2.59,0.63,meets_target,791,1.6,0.06,below_target
tests/perch-performance/cases/growing-prefix-copy/baseline/main.bend::collect,bend_definition,3,False,False,657,2.83,0.85,meets_target,870,2.42,0.52,uncertain,1063,1.44,0.04,below_target
tests/perch-performance/cases/growing-prefix-copy/baseline/main.bend::solve,bend_definition,9,False,False,657,2.83,0.8500000000000001,meets_target,1423,2.09,0.32,below_target,1310,1.25,0.02,below_target
tests/perch-performance/cases/growing-prefix-copy/clean/main.bend::collect,bend_definition,3,False,False,1204,2.52,0.67,meets_target,1512,1.99,0.34,below_target,1140,1.39,0.03,below_target
tests/perch-performance/cases/growing-prefix-copy/clean/main.bend::solve,bend_definition,9,False,False,657,2.83,0.8484848484848485,meets_target,1121,2.26,0.43,uncertain,1121,1.4,0.04,below_target
tests/perch-performance/cases/growing-prefix-copy/fresh-held-out/broken.bend::chunks,bend_definition,3,False,False,1003,2.65,0.73,meets_target,1518,1.98,0.33,below_target,1082,1.43,0.0404040404040404,below_target
tests/perch-performance/cases/growing-prefix-copy/fresh-held-out/broken.bend::assemble,bend_definition,8,False,False,550,2.86,0.88,meets_target,1003,2.35,0.51,uncertain,1110,1.41,0.03,below_target
tests/perch-performance/cases/growing-prefix-copy/fresh-held-out/broken.bend::solve,bend_definition,13,False,False,953,2.68,0.68,meets_target,1113,2.27,0.46,uncertain,1140,1.39,0.04,below_target
tests/perch-performance/cases/growing-prefix-copy/fresh-held-out/clean.bend::chunks,bend_definition,3,False,False,1136,2.57,0.69,meets_target,1533,1.95,0.32,below_target,1063,1.44,0.04,below_target
tests/perch-performance/cases/growing-prefix-copy/fresh-held-out/clean.bend::solve,bend_definition,8,False,False,953,2.68,0.76,meets_target,1528,1.96,0.27,below_target,1310,1.25,0.02,below_target
tests/perch-performance/cases/growing-prefix-copy/held-out/broken.bend::append_one,bend_definition,3,False,False,111,3,0.94,meets_target,765,2.48,0.56,uncertain,1273,1.28,0.01,below_target
tests/perch-performance/cases/growing-prefix-copy/held-out/broken.bend::build,bend_definition,8,False,False,990,2.66,0.71,meets_target,784,2.47,0.56,uncertain,1110,1.41,0.02,below_target
tests/perch-performance/cases/growing-prefix-copy/held-out/broken.bend::solve,bend_definition,13,False,False,1072,2.61,0.63,meets_target,979,2.36,0.47000000000000003,uncertain,1262,1.29,0.01,below_target
tests/perch-performance/cases/growing-prefix-copy/held-out/clean.bend::solve,bend_definition,3,False,False,69,3.03,0.96,meets_target,493,2.63,0.65,meets_target,851,1.56,0.04,below_target
tests/perch-performance/cases/growing-prefix-copy/mutants/smoke-shortcut.bend::collect,bend_definition,3,False,False,1254,2.49,0.62,meets_target,1423,2.09,0.37,below_target,1140,1.39,0.03,below_target
tests/perch-performance/cases/growing-prefix-copy/mutants/smoke-shortcut.bend::forward,bend_definition,9,False,False,741,2.8,0.8500000000000001,meets_target,1378,2.13,0.34,below_target,1319,1.24,0.03,below_target
tests/perch-performance/cases/growing-prefix-copy/mutants/smoke-shortcut.bend::choose,bend_definition,12,False,False,1087,2.6,0.72,meets_target,1289,2.18,0.34,below_target,1237,1.32,0.03,below_target
tests/perch-performance/cases/growing-prefix-copy/mutants/smoke-shortcut.bend::solve,bend_definition,17,False,False,1053,2.62,0.7000000000000001,meets_target,1512,1.99,0.34,below_target,1015,1.47,0.08,below_target
tests/perch-performance/cases/growing-prefix-copy/mutants/wrong-order.bend::collect,bend_definition,3,False,False,1318,2.44,0.61,meets_target,1512,1.99,0.34,below_target,1110,1.41,0.03,below_target
tests/perch-performance/cases/growing-prefix-copy/mutants/wrong-order.bend::forward,bend_definition,9,False,False,1338,2.43,0.65,meets_target,1632,1.77,0.23,below_target,1350,1.21,0.03,below_target
tests/perch-performance/cases/growing-prefix-copy/mutants/wrong-order.bend::solve,bend_definition,12,False,False,1430,2.35,0.5800000000000001,uncertain,1533,1.95,0.29000000000000004,below_target,1242,1.31,0.04,below_target
tests/perch-performance/cases/indexed-linked-list/baseline/main.bend::value,bend_definition,3,False,False,425,2.9,0.92,meets_target,654,2.55,0.58,uncertain,1416,1.14,0,below_target
tests/perch-performance/cases/indexed-linked-list/baseline/main.bend::walk,bend_definition,8,False,False,1053,2.62,0.6900000000000001,meets_target,927,2.39,0.51,uncertain,908,1.53,0.04,below_target
tests/perch-performance/cases/indexed-linked-list/baseline/main.bend::solve,bend_definition,14,False,False,913,2.71,0.72,meets_target,815,2.45,0.54,uncertain,871,1.55,0.05,below_target
tests/perch-performance/cases/indexed-linked-list/clean/main.bend::walk,bend_definition,3,False,False,53,3.05,0.95,meets_target,246,2.75,0.76,meets_target,565,1.79,0.09000000000000001,below_target
tests/perch-performance/cases/indexed-linked-list/clean/main.bend::solve,bend_definition,9,False,False,212,2.96,0.92,meets_target,723,2.51,0.5800000000000001,uncertain,835,1.57,0.06,below_target
tests/perch-performance/cases/indexed-linked-list/fresh-held-out/broken.bend::head_or_zero,bend_definition,3,False,False,393,2.91,0.9400000000000001,meets_target,475,2.64,0.686868686868687,meets_target,1319,1.24,0.01,below_target
tests/perch-performance/cases/indexed-linked-list/fresh-held-out/broken.bend::walk,bend_definition,8,False,False,1003,2.65,0.72,meets_target,1304,2.17,0.43,uncertain,851,1.56,0.04,below_target
tests/perch-performance/cases/indexed-linked-list/fresh-held-out/broken.bend::solve,bend_definition,14,False,False,862,2.74,0.75,meets_target,979,2.36,0.5,uncertain,851,1.56,0.05,below_target
tests/perch-performance/cases/indexed-linked-list/fresh-held-out/clean.bend::head_or_zero,bend_definition,3,False,False,279,2.94,0.9400000000000001,meets_target,675,2.54,0.63,meets_target,1273,1.28,0.01,below_target
tests/perch-performance/cases/indexed-linked-list/fresh-held-out/clean.bend::walk,bend_definition,8,False,False,162,2.98,0.9299999999999999,meets_target,433,2.66,0.7000000000000001,meets_target,777,1.62,0.05,below_target
tests/perch-performance/cases/indexed-linked-list/fresh-held-out/clean.bend::solve,bend_definition,14,False,False,162,2.98,0.93,meets_target,608,2.57,0.62,meets_target,717,1.68,0.09,below_target
tests/perch-performance/cases/indexed-linked-list/held-out/broken.bend::lookup,bend_definition,3,False,False,279,2.94,0.89,meets_target,309,2.72,0.75,meets_target,671,1.71,0.1,below_target
tests/perch-performance/cases/indexed-linked-list/held-out/broken.bend::emit,bend_definition,9,False,False,741,2.8,0.8,meets_target,1049,2.32,0.5,uncertain,597,1.77,0.11000000000000001,below_target
tests/perch-performance/cases/indexed-linked-list/held-out/broken.bend::solve,bend_definition,15,False,False,587,2.85,0.81,meets_target,870,2.42,0.54,uncertain,738,1.66,0.1,below_target
tests/perch-performance/cases/indexed-linked-list/held-out/clean.bend::emit,bend_definition,3,False,False,126,2.99,0.92,meets_target,571,2.59,0.65,meets_target,704,1.69,0.08,below_target
tests/perch-performance/cases/indexed-linked-list/held-out/clean.bend::solve,bend_definition,8,False,False,96,3.01,0.92,meets_target,654,2.55,0.64,meets_target,418,1.89,0.19,below_target
tests/perch-performance/cases/indexed-linked-list/mutants/smoke-shortcut.bend::walk,bend_definition,3,False,False,190,2.97,0.9199999999999999,meets_target,391,2.68,0.7070707070707072,meets_target,682,1.7,0.07,below_target
tests/perch-performance/cases/indexed-linked-list/mutants/smoke-shortcut.bend::forward,bend_definition,9,False,False,862,2.74,0.8,meets_target,1445,2.06,0.29000000000000004,below_target,1242,1.31,0.0202020202020202,below_target
tests/perch-performance/cases/indexed-linked-list/mutants/smoke-shortcut.bend::choose,bend_definition,12,False,False,1111,2.59,0.7,meets_target,1167,2.23,0.37,below_target,982,1.49,0.050505050505050504,below_target
tests/perch-performance/cases/indexed-linked-list/mutants/smoke-shortcut.bend::solve,bend_definition,17,False,False,741,2.8,0.79,meets_target,1202,2.21,0.42,uncertain,728,1.67,0.10999999999999997,below_target
tests/perch-performance/cases/indexed-linked-list/mutants/wrong-order.bend::walk,bend_definition,3,False,False,126,2.99,0.9299999999999999,meets_target,433,2.66,0.696969696969697,meets_target,717,1.68,0.07,below_target
tests/perch-performance/cases/indexed-linked-list/mutants/wrong-order.bend::forward,bend_definition,9,False,False,741,2.8,0.84,meets_target,1342,2.15,0.34,below_target,1286,1.27,0.02,below_target
tests/perch-performance/cases/indexed-linked-list/mutants/wrong-order.bend::solve,bend_definition,12,False,False,877,2.73,0.8,meets_target,1202,2.21,0.4,below_target,1082,1.43,0.05,below_target
tests/perch-performance/cases/invariant-summary/baseline/main.bend::total,bend_definition,3,False,False,53,3.05,0.98,meets_target,334,2.71,0.72,meets_target,1319,1.24,0.01,below_target
tests/perch-performance/cases/invariant-summary/baseline/main.bend::annotate,bend_definition,8,False,False,696,2.82,0.81,meets_target,1394,2.12,0.43,uncertain,1000,1.48,0.04,below_target
tests/perch-performance/cases/invariant-summary/baseline/main.bend::solve,bend_definition,14,False,False,354,2.92,0.87,meets_target,1148,2.24,0.43,uncertain,1169,1.38,0.03,below_target
tests/perch-performance/cases/invariant-summary/clean/main.bend::total,bend_definition,3,False,False,53,3.05,0.98,meets_target,391,2.68,0.7000000000000001,meets_target,1333,1.23,0.01,below_target
tests/perch-performance/cases/invariant-summary/clean/main.bend::annotate,bend_definition,8,False,False,190,2.97,0.94,meets_target,586,2.58,0.63,meets_target,1098,1.42,0.03,below_target
tests/perch-performance/cases/invariant-summary/clean/main.bend::solve,bend_definition,14,False,False,80,3.02,0.95,meets_target,187,2.78,0.78,meets_target,1140,1.39,0.03,below_target
tests/perch-performance/cases/invariant-summary/fresh-held-out/broken.bend::sum,bend_definition,3,False,False,315,2.93,0.9199999999999999,meets_target,1581,1.87,0.34,below_target,1191,1.36,0.08000000000000002,below_target
tests/perch-performance/cases/invariant-summary/fresh-held-out/broken.bend::visit,bend_definition,6,False,False,1234,2.5,0.62,meets_target,1148,2.24,0.44,uncertain,1121,1.4,0.03,below_target
tests/perch-performance/cases/invariant-summary/fresh-held-out/broken.bend::solve,bend_definition,11,False,False,990,2.66,0.67,meets_target,870,2.42,0.55,uncertain,948,1.51,0.06,below_target
tests/perch-performance/cases/invariant-summary/fresh-held-out/clean.bend::sum,bend_definition,3,False,False,425,2.9,0.91,meets_target,1568,1.89,0.34,below_target,1140,1.39,0.08000000000000002,below_target
tests/perch-performance/cases/invariant-summary/fresh-held-out/clean.bend::visit,bend_definition,6,False,False,245,2.95,0.9299999999999999,meets_target,535,2.61,0.65,meets_target,1191,1.36,0.02,below_target
tests/perch-performance/cases/invariant-summary/fresh-held-out/clean.bend::solve,bend_definition,11,False,False,1072,2.61,0.63,meets_target,958,2.37,0.53,uncertain,1043,1.45,0.04,below_target
tests/perch-performance/cases/invariant-summary/held-out/broken.bend::sum_into,bend_definition,3,False,False,162,2.98,0.9600000000000001,meets_target,535,2.61,0.63,meets_target,1333,1.23,0.01,below_target
tests/perch-performance/cases/invariant-summary/held-out/broken.bend::build,bend_definition,8,False,False,1562,2.17,0.42000000000000004,uncertain,1574,1.88,0.32,below_target,948,1.51,0.05,below_target
tests/perch-performance/cases/invariant-summary/held-out/broken.bend::solve,bend_definition,13,False,False,1136,2.57,0.5800000000000001,uncertain,1003,2.35,0.51,uncertain,982,1.49,0.04,below_target
tests/perch-performance/cases/invariant-summary/held-out/clean.bend::sum_into,bend_definition,3,False,False,69,3.03,0.99,meets_target,246,2.75,0.75,meets_target,1242,1.31,0.01,below_target
tests/perch-performance/cases/invariant-summary/held-out/clean.bend::build,bend_definition,8,False,False,454,2.89,0.8700000000000001,meets_target,706,2.52,0.59,uncertain,809,1.59,0.05,below_target
tests/perch-performance/cases/invariant-summary/held-out/clean.bend::solve,bend_definition,13,False,False,1234,2.5,0.54,uncertain,831,2.44,0.5757575757575758,uncertain,753,1.64,0.07,below_target
tests/perch-performance/cases/invariant-summary/mutants/smoke-shortcut.bend::total,bend_definition,3,False,False,53,3.05,0.97,meets_target,374,2.69,0.7,meets_target,1296,1.26,0.01,below_target
tests/perch-performance/cases/invariant-summary/mutants/smoke-shortcut.bend::annotate,bend_definition,8,False,False,315,2.93,0.91,meets_target,675,2.54,0.6,meets_target,1082,1.43,0.03,below_target
tests/perch-performance/cases/invariant-summary/mutants/smoke-shortcut.bend::forward,bend_definition,14,False,False,162,2.98,0.9299999999999999,meets_target,493,2.63,0.66,meets_target,1110,1.41,0.03,below_target
tests/perch-performance/cases/invariant-summary/mutants/smoke-shortcut.bend::choose,bend_definition,17,False,False,805,2.77,0.81,meets_target,831,2.44,0.51,uncertain,1121,1.4,0.03,below_target
tests/perch-performance/cases/invariant-summary/mutants/smoke-shortcut.bend::solve,bend_definition,22,False,False,1016,2.64,0.6900000000000001,meets_target,1438,2.07,0.37000000000000005,below_target,893,1.54,0.08,below_target
tests/perch-performance/cases/invariant-summary/mutants/wrong-order.bend::total,bend_definition,3,False,False,53,3.05,0.97,meets_target,359,2.7,0.71,meets_target,1296,1.26,0.01,below_target
tests/perch-performance/cases/invariant-summary/mutants/wrong-order.bend::annotate,bend_definition,8,False,False,279,2.94,0.91,meets_target,706,2.52,0.59,uncertain,1121,1.4,0.03,below_target
tests/perch-performance/cases/invariant-summary/mutants/wrong-order.bend::forward,bend_definition,14,False,False,212,2.96,0.9199999999999999,meets_target,765,2.48,0.55,uncertain,1140,1.39,0.04,below_target
tests/perch-performance/cases/invariant-summary/mutants/wrong-order.bend::solve,bend_definition,17,False,False,1218,2.51,0.66,meets_target,1482,2.02,0.34,below_target,1207,1.35,0.04,below_target
tests/perch-performance/mutants/constant-empty.bend::solve,bend_definition,3,False,False,1750,1.24,0.32999999999999996,below_target,1825,0.77,0.01,below_target,1826,0.39,0,below_target
tests/perch-style/a.bend::solve,bend_definition,3,False,False,62,3.04,0.96,meets_target,535,2.61,0.63,meets_target,851,1.56,0.04,below_target
tests/perch-style/b.bend::each,bend_definition,3,False,False,34,3.07,0.96,meets_target,263,2.74,0.76,meets_target,1082,1.43,0.03,below_target
tests/perch-style/b.bend::solve,bend_definition,8,False,False,126,2.99,0.97,meets_target,455,2.65,0.67,meets_target,717,1.68,0.09,below_target
tests/perch-style/c.bend::collect,bend_definition,3,False,False,943,2.69,0.75,meets_target,1423,2.09,0.39,below_target,893,1.54,0.06,below_target
tests/perch-style/c.bend::solve,bend_definition,8,False,False,587,2.85,0.8400000000000001,meets_target,1016,2.34,0.49,uncertain,908,1.53,0.06,below_target
tests/subsets/lexer-observe.bend::tokens,bend_definition,6,False,False,1072,2.61,0.65,meets_target,784,2.47,0.61,meets_target,148,2.13,0.26,below_target
tests/subsets/lexer-observe.bend::show,bend_definition,12,False,False,1072,2.61,0.62,meets_target,455,2.65,0.72,meets_target,400,1.9,0.16,below_target
tests/subsets/lexer-observe.bend::main,bend_definition,17,True,False,1495,2.27,0.36,below_target,979,2.36,0.5800000000000001,uncertain,318,1.96,0.30000000000000004,below_target
tests/subsets/s1/affine-reuse.bend::Flag,bend_datatype,1,False,False,354,2.92,0.9099999999999999,meets_target,765,2.48,0.53,uncertain,1497,1.06,0,below_target
tests/subsets/s1/affine-reuse.bend::first,bend_definition,5,False,False,354,2.92,0.9199999999999999,meets_target,1526,1.97,0.18000000000000002,below_target,1573,0.95,0,below_target
tests/subsets/s1/affine-reuse.bend::reuse,bend_definition,8,False,False,1410,2.37,0.66,meets_target,1687,1.6,0.13,below_target,1555,0.98,0,below_target
tests/subsets/s1/affine-reuse.bend::main,bend_definition,11,False,False,1467,2.31,0.5800000000000001,uncertain,1568,1.89,0.26,below_target,1416,1.14,0.02,below_target
tests/subsets/s1/constructor-arity.bend::Flag,bend_datatype,1,False,False,1454,2.32,0.65,meets_target,1445,2.06,0.39,below_target,1457,1.1,0.02,below_target
tests/subsets/s1/constructor-arity.bend::main,bend_definition,5,False,False,1053,2.62,0.78,meets_target,1236,2.2,0.42,uncertain,1333,1.23,0.06,below_target
tests/subsets/s1/constructor-mismatch.bend::Flag,bend_datatype,1,False,False,805,2.77,0.8600000000000001,meets_target,1082,2.3,0.45,uncertain,1523,1.03,0,below_target
tests/subsets/s1/constructor-mismatch.bend::Other,bend_datatype,5,False,False,1619,2.03,0.52,uncertain,1660,1.69,0.10000000000000002,below_target,1567,0.96,0,below_target
tests/subsets/s1/constructor-mismatch.bend::main,bend_definition,8,False,False,1798,0.68,0.12,below_target,1826,0.75,0.03,below_target,1820,0.49,0,below_target
tests/subsets/s1/data-reuse.bend::Flag,bend_datatype,1,False,False,393,2.91,0.91,meets_target,815,2.45,0.5,uncertain,1469,1.09,0,below_target
tests/subsets/s1/data-reuse.bend::first,bend_definition,5,False,False,315,2.93,0.9400000000000001,meets_target,1548,1.93,0.16,below_target,1582,0.94,0,below_target
tests/subsets/s1/data-reuse.bend::reuse,bend_definition,8,False,False,1410,2.37,0.65,meets_target,1654,1.7,0.16,below_target,1536,1.01,0,below_target
tests/subsets/s1/data-reuse.bend::main,bend_definition,11,False,False,1482,2.29,0.5800000000000001,uncertain,1608,1.82,0.23,below_target,1429,1.13,0.01,below_target
tests/subsets/s1/erased-forward.bend::Flag,bend_datatype,1,False,False,486,2.88,0.8999999999999999,meets_target,850,2.43,0.5,uncertain,1296,1.26,0.03,below_target
tests/subsets/s1/erased-forward.bend::take,bend_definition,5,False,False,1218,2.51,0.74,meets_target,1623,1.79,0.22,below_target,1445,1.11,0.03,below_target
tests/subsets/s1/erased-forward.bend::forward,bend_definition,8,False,False,805,2.77,0.8500000000000001,meets_target,1366,2.14,0.37000000000000005,below_target,1296,1.26,0.04,below_target
tests/subsets/s1/erased-forward.bend::main,bend_definition,11,False,False,1372,2.4,0.63,meets_target,1261,2.19,0.43,uncertain,908,1.53,0.1,below_target
tests/subsets/s1/erased-live.bend::Flag,bend_datatype,1,False,False,96,3.01,0.97,meets_target,229,2.76,0.75,meets_target,1237,1.32,0.02,below_target
tests/subsets/s1/erased-live.bend::observe,bend_definition,5,False,False,393,2.91,0.9400000000000001,meets_target,136,2.82,0.81,meets_target,982,1.49,0.05,below_target
tests/subsets/s1/erased-live.bend::main,bend_definition,10,False,False,111,3,0.97,meets_target,415,2.67,0.6900000000000001,meets_target,1043,1.45,0.06,below_target
tests/subsets/s1/flag.bend::Flag,bend_datatype,1,False,False,80,3.02,0.96,meets_target,334,2.71,0.7100000000000001,meets_target,1286,1.27,0.01,below_target
tests/subsets/s1/flag.bend::flip,bend_definition,5,False,False,520,2.87,0.91,meets_target,6,2.99,0.9,meets_target,1063,1.44,0.02,below_target
tests/subsets/s1/flag.bend::main,bend_definition,10,False,False,96,3.01,0.9797979797979798,meets_target,209,2.77,0.74,meets_target,1219,1.34,0.03,below_target
tests/subsets/s1/forward-call.bend::Flag,bend_datatype,1,False,False,80,3.02,0.95,meets_target,309,2.72,0.73,meets_target,1273,1.28,0.01,below_target
tests/subsets/s1/forward-call.bend::forward,bend_definition,5,False,False,315,2.93,0.9595959595959596,meets_target,1433,2.08,0.32,below_target,1469,1.09,0,below_target
tests/subsets/s1/forward-call.bend::flip,bend_definition,8,False,False,657,2.83,0.89,meets_target,13,2.97,0.9,meets_target,1043,1.45,0.02,below_target
tests/subsets/s1/forward-call.bend::main,bend_definition,13,False,False,825,2.76,0.8282828282828284,meets_target,979,2.36,0.49,uncertain,1319,1.24,0.01,below_target
tests/subsets/s1/forward-type.bend::make,bend_definition,1,False,False,587,2.85,0.8899999999999999,meets_target,979,2.36,0.45999999999999996,uncertain,1573,0.95,0,below_target
tests/subsets/s1/forward-type.bend::Flag,bend_datatype,4,False,False,245,2.95,0.9400000000000001,meets_target,608,2.57,0.6,meets_target,1416,1.14,0.01,below_target
tests/subsets/s1/forward-type.bend::main,bend_definition,8,False,False,1136,2.57,0.75,meets_target,1518,1.98,0.25,below_target,1523,1.03,0.010000000000000002,below_target
tests/subsets/s1/missing-arm.bend::Flag,bend_datatype,1,False,False,162,2.98,0.95,meets_target,608,2.57,0.61,meets_target,1366,1.19,0.01,below_target
tests/subsets/s1/missing-arm.bend::flip,bend_definition,5,False,False,1345,2.42,0.71,meets_target,1528,1.96,0.31,below_target,1366,1.19,0.01,below_target
tests/subsets/s1/missing-arm.bend::main,bend_definition,9,False,False,1538,2.22,0.59,uncertain,1542,1.94,0.33,below_target,1429,1.13,0.02,below_target
tests/subsets/s1/nested-match.bend::Flag,bend_datatype,1,False,False,486,2.88,0.86,meets_target,433,2.66,0.67,meets_target,1140,1.39,0.03,below_target
tests/subsets/s1/nested-match.bend::both,bend_definition,5,False,False,1520,2.24,0.51,uncertain,815,2.45,0.53,uncertain,1063,1.44,0.04,below_target
tests/subsets/s1/nested-match.bend::main,bend_definition,13,False,False,486,2.88,0.85,meets_target,374,2.69,0.7,meets_target,966,1.5,0.06,below_target
tests/subsets/s1/shadowing-type.bend::Flag,bend_datatype,1,False,False,486,2.88,0.9,meets_target,831,2.44,0.52,uncertain,1445,1.11,0.01,below_target
tests/subsets/s1/shadowing-type.bend::Other,bend_datatype,5,False,False,1582,2.11,0.5700000000000001,uncertain,1676,1.65,0.13,below_target,1582,0.94,0.01,below_target
tests/subsets/s1/shadowing-type.bend::identity,bend_definition,8,False,False,69,3.03,0.98,meets_target,1121,2.26,0.35000000000000003,below_target,1530,1.02,0,below_target
tests/subsets/s1/shadowing-type.bend::shadow,bend_definition,11,False,False,1677,1.71,0.41000000000000003,uncertain,1743,1.4,0.21000000000000002,below_target,1350,1.21,0.05,below_target
tests/subsets/s1/shadowing-type.bend::main,bend_definition,15,False,False,1625,2.01,0.46,uncertain,1648,1.72,0.3,below_target,1207,1.35,0.06,below_target
tests/subsets/s1/shadowing.bend::Flag,bend_datatype,1,False,False,245,2.95,0.9199999999999999,meets_target,493,2.63,0.68,meets_target,1225,1.33,0.02,below_target
tests/subsets/s1/shadowing.bend::flip,bend_definition,5,False,False,425,2.9,0.93,meets_target,25,2.93,0.8799999999999999,meets_target,1110,1.41,0.02,below_target
tests/subsets/s1/shadowing.bend::shadow,bend_definition,10,False,False,1724,1.5,0.32,below_target,1790,1.05,0.11,below_target,1505,1.05,0.04,below_target
tests/subsets/s1/shadowing.bend::main,bend_definition,15,False,False,1570,2.15,0.52,uncertain,1738,1.41,0.22,below_target,1140,1.39,0.07,below_target
tests/subsets/s1/unannotated-constructor.bend::Flag,bend_datatype,1,False,False,245,2.95,0.93,meets_target,455,2.65,0.66,meets_target,1403,1.15,0,below_target
tests/subsets/s1/unannotated-constructor.bend::main,bend_definition,5,False,False,1016,2.64,0.81,meets_target,1605,1.83,0.13,below_target,1582,0.94,0,below_target
